id,Umsatz
1201011,
1201012,
1201013,
1201014,
1201015,
1201016,
1201021,
1201022,
1201023,
1201024,
1201025,
1201026,
1201031,
1201032,
1201033,
1201034,
1201035,
1201036,
1201041,
1201042,
1201043,
1201044,
1201045,
1201046,
1201051,
1201052,
1201053,
1201054,
1201055,
1201056,
1201061,
1201062,
1201063,
1201064,
1201065,
1201066,
1201071,
1201072,
1201073,
1201074,
1201075,
1201076,
1201081,
1201082,
1201083,
1201084,
1201085,
1201086,
1201091,
1201092,
1201093,
1201094,
1201095,
1201096,
1201101,
1201102,
1201103,
1201104,
1201105,
1201106,
1201111,
1201112,
1201113,
1201114,
1201115,
1201116,
1201121,
1201122,
1201123,
1201124,
1201125,
1201126,
1201131,
1201132,
1201133,
1201134,
1201135,
1201136,
1201141,
1201142,
1201143,
1201144,
1201145,
1201146,
1201151,
1201152,
1201153,
1201154,
1201155,
1201156,
1201161,
1201162,
1201163,
1201164,
1201165,
1201166,
1201171,
1201172,
1201173,
1201174,
1201175,
1201176,
1201181,
1201182,
1201183,
1201184,
1201185,
1201186,
1201191,
1201192,
1201193,
1201194,
1201195,
1201196,
1201201,
1201202,
1201203,
1201204,
1201205,
1201206,
1201211,
1201212,
1201213,
1201214,
1201215,
1201216,
1201221,
1201222,
1201223,
1201224,
1201225,
1201226,
1201231,
1201232,
1201233,
1201234,
1201235,
1201236,
1201241,
1201242,
1201243,
1201244,
1201245,
1201246,
1201251,
1201252,
1201253,
1201254,
1201255,
1201256,
1201261,
1201262,
1201263,
1201264,
1201265,
1201266,
1201271,
1201272,
1201273,
1201274,
1201275,
1201276,
1201281,
1201282,
1201283,
1201284,
1201285,
1201286,
1201291,
1201292,
1201293,
1201294,
1201295,
1201296,
1201301,
1201302,
1201303,
1201304,
1201305,
1201306,
1201311,
1201312,
1201313,
1201314,
1201315,
1201316,
1202011,
1202012,
1202013,
1202014,
1202015,
1202016,
1202021,
1202022,
1202023,
1202024,
1202025,
1202026,
1202031,
1202032,
1202033,
1202034,
1202035,
1202036,
1202041,
1202042,
1202043,
1202044,
1202045,
1202046,
1202051,
1202052,
1202053,
1202054,
1202055,
1202056,
1202061,
1202062,
1202063,
1202064,
1202065,
1202066,
1202071,
1202072,
1202073,
1202074,
1202075,
1202076,
1202081,
1202082,
1202083,
1202084,
1202085,
1202086,
1202091,
1202092,
1202093,
1202094,
1202095,
1202096,
1202101,
1202102,
1202103,
1202104,
1202105,
1202106,
1202111,
1202112,
1202113,
1202114,
1202115,
1202116,
1202121,
1202122,
1202123,
1202124,
1202125,
1202126,
1202131,
1202132,
1202133,
1202134,
1202135,
1202136,
1202141,
1202142,
1202143,
1202144,
1202145,
1202146,
1202151,
1202152,
1202153,
1202154,
1202155,
1202156,
1202161,
1202162,
1202163,
1202164,
1202165,
1202166,
1202171,
1202172,
1202173,
1202174,
1202175,
1202176,
1202181,
1202182,
1202183,
1202184,
1202185,
1202186,
1202191,
1202192,
1202193,
1202194,
1202195,
1202196,
1202201,
1202202,
1202203,
1202204,
1202205,
1202206,
1202211,
1202212,
1202213,
1202214,
1202215,
1202216,
1202221,
1202222,
1202223,
1202224,
1202225,
1202226,
1202231,
1202232,
1202233,
1202234,
1202235,
1202236,
1202241,
1202242,
1202243,
1202244,
1202245,
1202246,
1202251,
1202252,
1202253,
1202254,
1202255,
1202256,
1202261,
1202262,
1202263,
1202264,
1202265,
1202266,
1202271,
1202272,
1202273,
1202274,
1202275,
1202276,
1202281,
1202282,
1202283,
1202284,
1202285,
1202286,
1202291,
1202292,
1202293,
1202294,
1202295,
1202296,
1203011,
1203012,
1203013,
1203014,
1203015,
1203016,
1203021,
1203022,
1203023,
1203024,
1203025,
1203026,
1203031,
1203032,
1203033,
1203034,
1203035,
1203036,
1203041,
1203042,
1203043,
1203044,
1203045,
1203046,
1203051,
1203052,
1203053,
1203054,
1203055,
1203056,
1203061,
1203062,
1203063,
1203064,
1203065,
1203066,
1203071,
1203072,
1203073,
1203074,
1203075,
1203076,
1203081,
1203082,
1203083,
1203084,
1203085,
1203086,
1203091,
1203092,
1203093,
1203094,
1203095,
1203096,
1203101,
1203102,
1203103,
1203104,
1203105,
1203106,
1203111,
1203112,
1203113,
1203114,
1203115,
1203116,
1203121,
1203122,
1203123,
1203124,
1203125,
1203126,
1203131,
1203132,
1203133,
1203134,
1203135,
1203136,
1203141,
1203142,
1203143,
1203144,
1203145,
1203146,
1203151,
1203152,
1203153,
1203154,
1203155,
1203156,
1203161,
1203162,
1203163,
1203164,
1203165,
1203166,
1203171,
1203172,
1203173,
1203174,
1203175,
1203176,
1203181,
1203182,
1203183,
1203184,
1203185,
1203186,
1203191,
1203192,
1203193,
1203194,
1203195,
1203196,
1203201,
1203202,
1203203,
1203204,
1203205,
1203206,
1203211,
1203212,
1203213,
1203214,
1203215,
1203216,
1203221,
1203222,
1203223,
1203224,
1203225,
1203226,
1203231,
1203232,
1203233,
1203234,
1203235,
1203236,
1203241,
1203242,
1203243,
1203244,
1203245,
1203246,
1203251,
1203252,
1203253,
1203254,
1203255,
1203256,
1203261,
1203262,
1203263,
1203264,
1203265,
1203266,
1203271,
1203272,
1203273,
1203274,
1203275,
1203276,
1203281,
1203282,
1203283,
1203284,
1203285,
1203286,
1203291,
1203292,
1203293,
1203294,
1203295,
1203296,
1203301,
1203302,
1203303,
1203304,
1203305,
1203306,
1203311,
1203312,
1203313,
1203314,
1203315,
1203316,
1204011,
1204012,
1204013,
1204014,
1204015,
1204016,
1204021,
1204022,
1204023,
1204024,
1204025,
1204026,
1204031,
1204032,
1204033,
1204034,
1204035,
1204036,
1204041,
1204042,
1204043,
1204044,
1204045,
1204046,
1204051,
1204052,
1204053,
1204054,
1204055,
1204056,
1204061,
1204062,
1204063,
1204064,
1204065,
1204066,
1204071,
1204072,
1204073,
1204074,
1204075,
1204076,
1204081,
1204082,
1204083,
1204084,
1204085,
1204086,
1204091,
1204092,
1204093,
1204094,
1204095,
1204096,
1204101,
1204102,
1204103,
1204104,
1204105,
1204106,
1204111,
1204112,
1204113,
1204114,
1204115,
1204116,
1204121,
1204122,
1204123,
1204124,
1204125,
1204126,
1204131,
1204132,
1204133,
1204134,
1204135,
1204136,
1204141,
1204142,
1204143,
1204144,
1204145,
1204146,
1204151,
1204152,
1204153,
1204154,
1204155,
1204156,
1204161,
1204162,
1204163,
1204164,
1204165,
1204166,
1204171,
1204172,
1204173,
1204174,
1204175,
1204176,
1204181,
1204182,
1204183,
1204184,
1204185,
1204186,
1204191,
1204192,
1204193,
1204194,
1204195,
1204196,
1204201,
1204202,
1204203,
1204204,
1204205,
1204206,
1204211,
1204212,
1204213,
1204214,
1204215,
1204216,
1204221,
1204222,
1204223,
1204224,
1204225,
1204226,
1204231,
1204232,
1204233,
1204234,
1204235,
1204236,
1204241,
1204242,
1204243,
1204244,
1204245,
1204246,
1204251,
1204252,
1204253,
1204254,
1204255,
1204256,
1204261,
1204262,
1204263,
1204264,
1204265,
1204266,
1204271,
1204272,
1204273,
1204274,
1204275,
1204276,
1204281,
1204282,
1204283,
1204284,
1204285,
1204286,
1204291,
1204292,
1204293,
1204294,
1204295,
1204296,
1204301,
1204302,
1204303,
1204304,
1204305,
1204306,
1205011,
1205012,
1205013,
1205014,
1205015,
1205016,
1205021,
1205022,
1205023,
1205024,
1205025,
1205026,
1205031,
1205032,
1205033,
1205034,
1205035,
1205036,
1205041,
1205042,
1205043,
1205044,
1205045,
1205046,
1205051,
1205052,
1205053,
1205054,
1205055,
1205056,
1205061,
1205062,
1205063,
1205064,
1205065,
1205066,
1205071,
1205072,
1205073,
1205074,
1205075,
1205076,
1205081,
1205082,
1205083,
1205084,
1205085,
1205086,
1205091,
1205092,
1205093,
1205094,
1205095,
1205096,
1205101,
1205102,
1205103,
1205104,
1205105,
1205106,
1205111,
1205112,
1205113,
1205114,
1205115,
1205116,
1205121,
1205122,
1205123,
1205124,
1205125,
1205126,
1205131,
1205132,
1205133,
1205134,
1205135,
1205136,
1205141,
1205142,
1205143,
1205144,
1205145,
1205146,
1205151,
1205152,
1205153,
1205154,
1205155,
1205156,
1205161,
1205162,
1205163,
1205164,
1205165,
1205166,
1205171,
1205172,
1205173,
1205174,
1205175,
1205176,
1205181,
1205182,
1205183,
1205184,
1205185,
1205186,
1205191,
1205192,
1205193,
1205194,
1205195,
1205196,
1205201,
1205202,
1205203,
1205204,
1205205,
1205206,
1205211,
1205212,
1205213,
1205214,
1205215,
1205216,
1205221,
1205222,
1205223,
1205224,
1205225,
1205226,
1205231,
1205232,
1205233,
1205234,
1205235,
1205236,
1205241,
1205242,
1205243,
1205244,
1205245,
1205246,
1205251,
1205252,
1205253,
1205254,
1205255,
1205256,
1205261,
1205262,
1205263,
1205264,
1205265,
1205266,
1205271,
1205272,
1205273,
1205274,
1205275,
1205276,
1205281,
1205282,
1205283,
1205284,
1205285,
1205286,
1205291,
1205292,
1205293,
1205294,
1205295,
1205296,
1205301,
1205302,
1205303,
1205304,
1205305,
1205306,
1205311,
1205312,
1205313,
1205314,
1205315,
1205316,
1206011,
1206012,
1206013,
1206014,
1206015,
1206016,
1206021,
1206022,
1206023,
1206024,
1206025,
1206026,
1206031,
1206032,
1206033,
1206034,
1206035,
1206036,
1206041,
1206042,
1206043,
1206044,
1206045,
1206046,
1206051,
1206052,
1206053,
1206054,
1206055,
1206056,
1206061,
1206062,
1206063,
1206064,
1206065,
1206066,
1206071,
1206072,
1206073,
1206074,
1206075,
1206076,
1206081,
1206082,
1206083,
1206084,
1206085,
1206086,
1206091,
1206092,
1206093,
1206094,
1206095,
1206096,
1206101,
1206102,
1206103,
1206104,
1206105,
1206106,
1206111,
1206112,
1206113,
1206114,
1206115,
1206116,
1206121,
1206122,
1206123,
1206124,
1206125,
1206126,
1206131,
1206132,
1206133,
1206134,
1206135,
1206136,
1206141,
1206142,
1206143,
1206144,
1206145,
1206146,
1206151,
1206152,
1206153,
1206154,
1206155,
1206156,
1206161,
1206162,
1206163,
1206164,
1206165,
1206166,
1206171,
1206172,
1206173,
1206174,
1206175,
1206176,
1206181,
1206182,
1206183,
1206184,
1206185,
1206186,
1206191,
1206192,
1206193,
1206194,
1206195,
1206196,
1206201,
1206202,
1206203,
1206204,
1206205,
1206206,
1206211,
1206212,
1206213,
1206214,
1206215,
1206216,
1206221,
1206222,
1206223,
1206224,
1206225,
1206226,
1206231,
1206232,
1206233,
1206234,
1206235,
1206236,
1206241,
1206242,
1206243,
1206244,
1206245,
1206246,
1206251,
1206252,
1206253,
1206254,
1206255,
1206256,
1206261,
1206262,
1206263,
1206264,
1206265,
1206266,
1206271,
1206272,
1206273,
1206274,
1206275,
1206276,
1206281,
1206282,
1206283,
1206284,
1206285,
1206286,
1206291,
1206292,
1206293,
1206294,
1206295,
1206296,
1206301,
1206302,
1206303,
1206304,
1206305,
1206306,
1207011,
1207012,
1207013,
1207014,
1207015,
1207016,
1207021,
1207022,
1207023,
1207024,
1207025,
1207026,
1207031,
1207032,
1207033,
1207034,
1207035,
1207036,
1207041,
1207042,
1207043,
1207044,
1207045,
1207046,
1207051,
1207052,
1207053,
1207054,
1207055,
1207056,
1207061,
1207062,
1207063,
1207064,
1207065,
1207066,
1207071,
1207072,
1207073,
1207074,
1207075,
1207076,
1207081,
1207082,
1207083,
1207084,
1207085,
1207086,
1207091,
1207092,
1207093,
1207094,
1207095,
1207096,
1207101,
1207102,
1207103,
1207104,
1207105,
1207106,
1207111,
1207112,
1207113,
1207114,
1207115,
1207116,
1207121,
1207122,
1207123,
1207124,
1207125,
1207126,
1207131,
1207132,
1207133,
1207134,
1207135,
1207136,
1207141,
1207142,
1207143,
1207144,
1207145,
1207146,
1207151,
1207152,
1207153,
1207154,
1207155,
1207156,
1207161,
1207162,
1207163,
1207164,
1207165,
1207166,
1207171,
1207172,
1207173,
1207174,
1207175,
1207176,
1207181,
1207182,
1207183,
1207184,
1207185,
1207186,
1207191,
1207192,
1207193,
1207194,
1207195,
1207196,
1207201,
1207202,
1207203,
1207204,
1207205,
1207206,
1207211,
1207212,
1207213,
1207214,
1207215,
1207216,
1207221,
1207222,
1207223,
1207224,
1207225,
1207226,
1207231,
1207232,
1207233,
1207234,
1207235,
1207236,
1207251,
1207252,
1207253,
1207254,
1207255,
1207256,
1207261,
1207262,
1207263,
1207264,
1207265,
1207266,
1207271,
1207272,
1207273,
1207274,
1207275,
1207276,
1207281,
1207282,
1207283,
1207284,
1207285,
1207286,
1207291,
1207292,
1207293,
1207294,
1207295,
1207296,
1207301,
1207302,
1207303,
1207304,
1207305,
1207306,
1207311,
1207312,
1207313,
1207314,
1207315,
1207316,
1208011,
1208012,
1208013,
1208014,
1208015,
1208016,
1208021,
1208022,
1208023,
1208024,
1208025,
1208026,
1208031,
1208032,
1208033,
1208034,
1208035,
1208036,
1208041,
1208042,
1208043,
1208044,
1208045,
1208046,
1208051,
1208052,
1208053,
1208054,
1208055,
1208056,
1208061,
1208062,
1208063,
1208064,
1208065,
1208066,
1208071,
1208072,
1208073,
1208074,
1208075,
1208076,
1208081,
1208082,
1208083,
1208084,
1208085,
1208086,
1208091,
1208092,
1208093,
1208094,
1208095,
1208096,
1208101,
1208102,
1208103,
1208104,
1208105,
1208106,
1208111,
1208112,
1208113,
1208114,
1208115,
1208116,
1208121,
1208122,
1208123,
1208124,
1208125,
1208126,
1208131,
1208132,
1208133,
1208134,
1208135,
1208136,
1208141,
1208142,
1208143,
1208144,
1208145,
1208146,
1208151,
1208152,
1208153,
1208154,
1208155,
1208156,
1208161,
1208162,
1208163,
1208164,
1208165,
1208166,
1208171,
1208172,
1208173,
1208174,
1208175,
1208176,
1208181,
1208182,
1208183,
1208184,
1208185,
1208186,
1208191,
1208192,
1208193,
1208194,
1208195,
1208196,
1208201,
1208202,
1208203,
1208204,
1208205,
1208206,
1208211,
1208212,
1208213,
1208214,
1208215,
1208216,
1208221,
1208222,
1208223,
1208224,
1208225,
1208226,
1208231,
1208232,
1208233,
1208234,
1208235,
1208236,
1208241,
1208242,
1208243,
1208244,
1208245,
1208246,
1208251,
1208252,
1208253,
1208254,
1208255,
1208256,
1208261,
1208262,
1208263,
1208264,
1208265,
1208266,
1208271,
1208272,
1208273,
1208274,
1208275,
1208276,
1208281,
1208282,
1208283,
1208284,
1208285,
1208286,
1208291,
1208292,
1208293,
1208294,
1208295,
1208296,
1208301,
1208302,
1208303,
1208304,
1208305,
1208306,
1208311,
1208312,
1208313,
1208314,
1208315,
1208316,
1209011,
1209012,
1209013,
1209014,
1209015,
1209016,
1209021,
1209022,
1209023,
1209024,
1209025,
1209026,
1209031,
1209032,
1209033,
1209034,
1209035,
1209036,
1209041,
1209042,
1209043,
1209044,
1209045,
1209046,
1209051,
1209052,
1209053,
1209054,
1209055,
1209056,
1209061,
1209062,
1209063,
1209064,
1209065,
1209066,
1209071,
1209072,
1209073,
1209074,
1209075,
1209076,
1209081,
1209082,
1209083,
1209084,
1209085,
1209086,
1209091,
1209092,
1209093,
1209094,
1209095,
1209096,
1209101,
1209102,
1209103,
1209104,
1209105,
1209106,
1209111,
1209112,
1209113,
1209114,
1209115,
1209116,
1209121,
1209122,
1209123,
1209124,
1209125,
1209126,
1209131,
1209132,
1209133,
1209134,
1209135,
1209136,
1209141,
1209142,
1209143,
1209144,
1209145,
1209146,
1209151,
1209152,
1209153,
1209154,
1209155,
1209156,
1209161,
1209162,
1209163,
1209164,
1209165,
1209166,
1209171,
1209172,
1209173,
1209174,
1209175,
1209176,
1209181,
1209182,
1209183,
1209184,
1209185,
1209186,
1209191,
1209192,
1209193,
1209194,
1209195,
1209196,
1209201,
1209202,
1209203,
1209204,
1209205,
1209206,
1209211,
1209212,
1209213,
1209214,
1209215,
1209216,
1209221,
1209222,
1209223,
1209224,
1209225,
1209226,
1209231,
1209232,
1209233,
1209234,
1209235,
1209236,
1209241,
1209242,
1209243,
1209244,
1209245,
1209246,
1209251,
1209252,
1209253,
1209254,
1209255,
1209256,
1209261,
1209262,
1209263,
1209264,
1209265,
1209266,
1209271,
1209272,
1209273,
1209274,
1209275,
1209276,
1209281,
1209282,
1209283,
1209284,
1209285,
1209286,
1209291,
1209292,
1209293,
1209294,
1209295,
1209296,
1209301,
1209302,
1209303,
1209304,
1209305,
1209306,
1210011,
1210012,
1210013,
1210014,
1210015,
1210016,
1210021,
1210022,
1210023,
1210024,
1210025,
1210026,
1210031,
1210032,
1210033,
1210034,
1210035,
1210036,
1210041,
1210042,
1210043,
1210044,
1210045,
1210046,
1210051,
1210052,
1210053,
1210054,
1210055,
1210056,
1210081,
1210082,
1210083,
1210084,
1210085,
1210086,
1210091,
1210092,
1210093,
1210094,
1210095,
1210096,
1210101,
1210102,
1210103,
1210104,
1210105,
1210106,
1210111,
1210112,
1210113,
1210114,
1210115,
1210116,
1210121,
1210122,
1210123,
1210124,
1210125,
1210126,
1210151,
1210152,
1210153,
1210154,
1210155,
1210156,
1210161,
1210162,
1210163,
1210164,
1210165,
1210166,
1210171,
1210172,
1210173,
1210174,
1210175,
1210176,
1210181,
1210182,
1210183,
1210184,
1210185,
1210186,
1210191,
1210192,
1210193,
1210194,
1210195,
1210196,
1210221,
1210222,
1210223,
1210224,
1210225,
1210226,
1210231,
1210232,
1210233,
1210234,
1210235,
1210236,
1210241,
1210242,
1210243,
1210244,
1210245,
1210246,
1210251,
1210252,
1210253,
1210254,
1210255,
1210256,
1210261,
1210262,
1210263,
1210264,
1210265,
1210266,
1210291,
1210292,
1210293,
1210294,
1210295,
1210296,
1210301,
1210302,
1210303,
1210304,
1210305,
1210306,
1210311,
1210312,
1210313,
1210314,
1210315,
1210316,
1211011,
1211012,
1211013,
1211014,
1211015,
1211016,
1211021,
1211022,
1211023,
1211024,
1211025,
1211026,
1211051,
1211052,
1211053,
1211054,
1211055,
1211056,
1211061,
1211062,
1211063,
1211064,
1211065,
1211066,
1211071,
1211072,
1211073,
1211074,
1211075,
1211076,
1211081,
1211082,
1211083,
1211084,
1211085,
1211086,
1211091,
1211092,
1211093,
1211094,
1211095,
1211096,
1211121,
1211122,
1211123,
1211124,
1211125,
1211126,
1211131,
1211132,
1211133,
1211134,
1211135,
1211136,
1211141,
1211142,
1211143,
1211144,
1211145,
1211146,
1211151,
1211152,
1211153,
1211154,
1211155,
1211156,
1211161,
1211162,
1211163,
1211164,
1211165,
1211166,
1211191,
1211192,
1211193,
1211194,
1211195,
1211196,
1211201,
1211202,
1211203,
1211204,
1211205,
1211206,
1211211,
1211212,
1211213,
1211214,
1211215,
1211216,
1211221,
1211222,
1211223,
1211224,
1211225,
1211226,
1211231,
1211232,
1211233,
1211234,
1211235,
1211236,
1211261,
1211262,
1211263,
1211264,
1211265,
1211266,
1211271,
1211272,
1211273,
1211274,
1211275,
1211276,
1211281,
1211282,
1211283,
1211284,
1211285,
1211286,
1211291,
1211292,
1211293,
1211294,
1211295,
1211296,
1211301,
1211302,
1211303,
1211304,
1211305,
1211306,
1212031,
1212032,
1212033,
1212034,
1212035,
1212036,
1212041,
1212042,
1212043,
1212044,
1212045,
1212046,
1212051,
1212052,
1212053,
1212054,
1212055,
1212056,
1212061,
1212062,
1212063,
1212064,
1212065,
1212066,
1212071,
1212072,
1212073,
1212074,
1212075,
1212076,
1212101,
1212102,
1212103,
1212104,
1212105,
1212106,
1212111,
1212112,
1212113,
1212114,
1212115,
1212116,
1212121,
1212122,
1212123,
1212124,
1212125,
1212126,
1212131,
1212132,
1212133,
1212134,
1212135,
1212136,
1212141,
1212142,
1212143,
1212144,
1212145,
1212146,
1212171,
1212172,
1212173,
1212174,
1212175,
1212176,
1212181,
1212182,
1212183,
1212184,
1212185,
1212186,
1212191,
1212192,
1212193,
1212194,
1212195,
1212196,
1212201,
1212202,
1212203,
1212204,
1212205,
1212206,
1212211,
1212212,
1212213,
1212214,
1212215,
1212216,
1304301,
1304302,
1304303,
1304304,
1304305,
1304306,
1305011,
1305012,
1305013,
1305014,
1305015,
1305016,
1305021,
1305022,
1305023,
1305024,
1305025,
1305026,
1305031,
1305032,
1305033,
1305034,
1305035,
1305036,
1305041,
1305042,
1305043,
1305044,
1305045,
1305046,
1305051,
1305052,
1305053,
1305054,
1305055,
1305056,
1305061,
1305062,
1305063,
1305064,
1305065,
1305066,
1305071,
1305072,
1305073,
1305074,
1305075,
1305076,
1305081,
1305082,
1305083,
1305084,
1305085,
1305086,
1305091,
1305092,
1305093,
1305094,
1305095,
1305096,
1305101,
1305102,
1305103,
1305104,
1305105,
1305106,
1305111,
1305112,
1305113,
1305114,
1305115,
1305116,
1305121,
1305122,
1305123,
1305124,
1305125,
1305126,
1305131,
1305132,
1305133,
1305134,
1305135,
1305136,
1305141,
1305142,
1305143,
1305144,
1305145,
1305146,
1305151,
1305152,
1305153,
1305154,
1305155,
1305156,
1305161,
1305162,
1305163,
1305164,
1305165,
1305166,
1305171,
1305172,
1305173,
1305174,
1305175,
1305176,
1305181,
1305182,
1305183,
1305184,
1305185,
1305186,
1305191,
1305192,
1305193,
1305194,
1305195,
1305196,
1305201,
1305202,
1305203,
1305204,
1305205,
1305206,
1305211,
1305212,
1305213,
1305214,
1305215,
1305216,
1305221,
1305222,
1305223,
1305224,
1305225,
1305226,
1305231,
1305232,
1305233,
1305234,
1305235,
1305236,
1305241,
1305242,
1305243,
1305244,
1305245,
1305246,
1305251,
1305252,
1305253,
1305254,
1305255,
1305256,
1305261,
1305262,
1305263,
1305264,
1305265,
1305266,
1305271,
1305272,
1305273,
1305274,
1305275,
1305276,
1305281,
1305282,
1305283,
1305284,
1305285,
1305286,
1305291,
1305292,
1305293,
1305294,
1305295,
1305296,
1305301,
1305302,
1305303,
1305304,
1305305,
1305306,
1305311,
1305312,
1305313,
1305314,
1305315,
1305316,
1306011,
1306012,
1306013,
1306014,
1306015,
1306016,
1306021,
1306022,
1306023,
1306024,
1306025,
1306026,
1306031,
1306032,
1306033,
1306034,
1306035,
1306036,
1306041,
1306042,
1306043,
1306044,
1306045,
1306046,
1306051,
1306052,
1306053,
1306054,
1306055,
1306056,
1306061,
1306062,
1306063,
1306064,
1306065,
1306066,
1306071,
1306072,
1306073,
1306074,
1306075,
1306076,
1306081,
1306082,
1306083,
1306084,
1306085,
1306086,
1306091,
1306092,
1306093,
1306094,
1306095,
1306096,
1306101,
1306102,
1306103,
1306104,
1306105,
1306106,
1306111,
1306112,
1306113,
1306114,
1306115,
1306116,
1306121,
1306122,
1306123,
1306124,
1306125,
1306126,
1306141,
1306142,
1306143,
1306144,
1306145,
1306146,
1306151,
1306152,
1306153,
1306154,
1306155,
1306156,
1306161,
1306162,
1306163,
1306164,
1306165,
1306166,
1306171,
1306172,
1306173,
1306174,
1306175,
1306176,
1306181,
1306182,
1306183,
1306184,
1306185,
1306186,
1306191,
1306192,
1306193,
1306194,
1306195,
1306196,
1306201,
1306202,
1306203,
1306204,
1306205,
1306206,
1306211,
1306212,
1306213,
1306214,
1306215,
1306216,
1306221,
1306222,
1306223,
1306224,
1306225,
1306226,
1306231,
1306232,
1306233,
1306234,
1306235,
1306236,
1306241,
1306242,
1306243,
1306244,
1306245,
1306246,
1306251,
1306252,
1306253,
1306254,
1306255,
1306256,
1306261,
1306262,
1306263,
1306264,
1306265,
1306266,
1306271,
1306272,
1306273,
1306274,
1306275,
1306276,
1306281,
1306282,
1306283,
1306284,
1306285,
1306286,
1306291,
1306292,
1306293,
1306294,
1306295,
1306296,
1306301,
1306302,
1306303,
1306304,
1306305,
1306306,
1307011,148.828353112183
1307012,535.856284785361
1307013,201.198425690037
1307014,65.890168799361
1307015,317.475874933038
1307016,
1307021,159.79375714468
1307022,546.780787392297
1307023,265.261253994438
1307024,74.5439171827412
1307025,383.628681612577
1307026,
1307031,111.885593514353
1307032,427.343258749983
1307033,210.260241465493
1307034,69.2627280649987
1307035,305.523072325318
1307036,
1307041,168.864940979931
1307042,454.859641347987
1307043,190.686641378586
1307044,61.490175369225
1307045,308.408167942149
1307046,
1307051,171.280754117955
1307052,492.818804066088
1307053,181.644870215041
1307054,86.7598614451924
1307055,355.518770367742
1307056,
1307061,174.552359998476
1307062,631.906068038484
1307063,291.557959835153
1307064,80.6465768881107
1307065,361.866932797941
1307066,
1307071,92.6377553788373
1307072,695.25572963054
1307073,279.665938833443
1307074,94.6039024817053
1307075,370.20960108863
1307076,
1307081,135.500244042392
1307082,538.529249911711
1307083,195.158794309303
1307084,49.5000238633042
1307085,285.233382496522
1307086,
1307091,136.048382778344
1307092,585.957264698849
1307093,245.808338509722
1307094,75.2089975834558
1307095,342.089345776475
1307096,
1307101,135.132314289581
1307102,567.365764527953
1307103,265.109142544045
1307104,73.8056511129258
1307105,343.353066508123
1307106,
1307111,138.549392636714
1307112,569.109374584873
1307113,234.65807920749
1307114,68.6330279122302
1307115,315.911756962233
1307116,
1307121,101.447511461298
1307122,600.267914678783
1307123,290.199097765019
1307124,
1307125,362.802489634211
1307126,
1307131,141.233309883732
1307132,747.140776382576
1307133,340.046632736531
1307134,74.2744737887665
1307135,359.166188843392
1307136,
1307141,112.524365708762
1307142,777.048841669282
1307143,320.626816189556
1307144,115.271617188867
1307145,461.082124524619
1307146,
1307151,161.264677322182
1307152,596.995099998235
1307153,243.526401440661
1307154,99.4935305857439
1307155,380.68369651152
1307156,
1307161,116.821358174215
1307162,558.797138274201
1307163,287.415464972525
1307164,91.7796976081033
1307165,320.43533597922
1307166,
1307171,150.572919592838
1307172,628.325718978073
1307173,301.777437970497
1307174,
1307175,396.99424714406
1307176,
1307181,101.90072129658
1307182,647.822253705942
1307183,250.426586853024
1307184,89.2058404577425
1307185,300.398790118057
1307186,
1307191,161.63511518654
1307192,646.788959790823
1307193,287.18828629416
1307194,62.0636098816993
1307195,369.400389277533
1307196,
1307201,134.328076682024
1307202,843.051280035386
1307203,394.765674710477
1307204,69.9369965472912
1307205,346.154004294146
1307206,
1307211,66.2887578161955
1307212,815.942264195776
1307213,346.658236387984
1307214,82.6826868784511
1307215,287.443788531561
1307216,
1307221,131.223948997842
1307222,647.682748973215
1307223,297.712614415266
1307224,99.3353908053911
1307225,356.484067206325
1307226,
1307231,110.315246796665
1307232,691.043662205889
1307233,323.301431663341
1307234,70.5290024618065
1307235,316.29681714496
1307236,
1307241,141.891908195545
1307242,698.340862077002
1307243,328.023102507764
1307244,83.5816326885927
1307245,327.339400651794
1307246,
1307251,167.701216640907
1307252,681.250768331783
1307253,280.809721012322
1307254,65.8902979709521
1307255,303.192537586556
1307256,
1307261,147.272084366206
1307262,718.016648132155
1307263,352.293883343641
1307264,53.1984562311259
1307265,331.522091778847
1307266,
1307271,161.403357795112
1307272,855.619095347599
1307273,382.965879977945
1307274,
1307275,358.892714466409
1307276,
1307281,86.0791432446654
1307282,871.802546455837
1307283,360.096105223697
1307284,
1307285,437.824795495097
1307286,
1307291,183.564164400591
1307292,672.50214523923
1307293,356.033434735079
1307294,
1307295,368.951029057165
1307296,
1307301,132.111640117897
1307302,690.117757120039
1307303,354.531775116541
1307304,
1307305,424.086156965952
1307306,
1307311,144.745431773143
1307312,667.842224335937
1307313,321.075920611583
1307314,
1307315,426.985804024935
1307316,
1308011,157.854023011106
1308012,667.213719343287
1308013,304.830310037868
1308014,60.5614573229725
1308015,322.294307178179
1308016,
1308021,117.359342094889
1308022,689.695100983376
1308023,379.526700654912
1308024,68.1222020855149
1308025,282.371517214865
1308026,
1308031,186.027178770079
1308032,930.801703150498
1308033,454.705780795563
1308034,51.2749992906831
1308035,399.283316370115
1308036,
1308041,104.708216687715
1308042,862.752429028985
1308043,382.85648750844
1308044,67.1568816245378
1308045,461.704848992483
1308046,
1308051,146.775309890073
1308052,520.947179812455
1308053,331.615355447409
1308054,
1308055,354.247243408463
1308056,
1308061,131.956277381283
1308062,498.920948322354
1308063,344.104806694018
1308064,69.705360420462
1308065,441.521507016938
1308066,
1308071,160.593417296116
1308072,519.197204695832
1308073,341.483544581514
1308074,83.1094116270633
1308075,423.850318191533
1308076,
1308081,153.099424561652
1308082,486.25509543792
1308083,298.005519792868
1308084,96.7720958104522
1308085,464.87537153539
1308086,
1308091,125.620344387906
1308092,539.975155104136
1308093,328.22992428157
1308094,81.4817797241125
1308095,450.085987485785
1308096,
1308101,185.177162656408
1308102,614.511830668785
1308103,351.617029216224
1308104,59.9811123644503
1308105,450.993337129113
1308106,
1308111,73.2088330039992
1308112,666.9113081568
1308113,341.033029953849
1308114,60.7087857619079
1308115,583.491717818235
1308116,
1308121,154.504729536697
1308122,510.019126480035
1308123,253.6233554703
1308124,97.7406166426712
1308125,356.026341718574
1308126,
1308131,134.064451548102
1308132,535.403212817658
1308133,271.591283834177
1308134,113.863641914766
1308135,344.643463915453
1308136,
1308141,156.972510536869
1308142,520.123590697437
1308143,309.116290264651
1308144,105.567865241887
1308145,441.253111778104
1308146,
1308151,164.763795399756
1308152,538.231262832354
1308153,266.575408936199
1308154,59.7561020638342
1308155,416.610037755781
1308156,
1308161,147.79799759804
1308162,552.153714601025
1308163,241.76897512804
1308164,75.2564619591539
1308165,344.468629393561
1308166,
1308171,221.630418006017
1308172,583.657434231324
1308173,280.170045804428
1308174,96.5293135082104
1308175,519.834929394153
1308176,
1308181,92.489778506026
1308182,669.186211470815
1308183,282.599786111443
1308184,150.122396942697
1308185,479.499541699925
1308186,
1308191,145.87913275728
1308192,499.912512856933
1308193,249.391160860983
1308194,107.407999333161
1308195,374.247117082749
1308196,
1308201,111.842396126739
1308202,478.730297151576
1308203,257.620799680939
1308204,64.5022565329893
1308205,340.090359959321
1308206,
1308211,125.336522713024
1308212,440.815636456397
1308213,271.133442105753
1308214,65.9210119267558
1308215,352.695324198643
1308216,
1308221,132.916428220302
1308222,497.731338188322
1308223,229.323435589195
1308224,111.144301377526
1308225,343.348933556103
1308226,
1308231,162.958958703106
1308232,503.672089526472
1308233,260.926195756112
1308234,94.2272902889274
1308235,375.317567662845
1308236,
1308241,201.543109556297
1308242,707.94429725517
1308243,282.401869590288
1308244,124.737464409769
1308245,536.196771958902
1308246,
1308251,83.0226725739551
1308252,726.257649523775
1308253,360.817001197227
1308254,141.066888354584
1308255,495.194334936839
1308256,
1308261,165.829031676714
1308262,451.536740815421
1308263,244.936370498996
1308264,104.448858869003
1308265,368.72576849632
1308266,
1308271,118.473650434102
1308272,442.318352086176
1308273,251.053043195831
1308274,89.3398068106772
1308275,305.77200439049
1308276,
1308281,108.876991442649
1308282,418.297941202801
1308283,225.878194718714
1308284,87.5160458910728
1308285,349.390973099531
1308286,
1308291,178.178023803315
1308292,386.390267686346
1308293,198.776407298801
1308294,67.1751319746152
1308295,396.454612761332
1308296,
1308301,133.150828452892
1308302,492.141265198519
1308303,184.252334847289
1308304,77.9353068130843
1308305,343.345686609289
1308306,
1308311,130.821314898435
1308312,581.490537751984
1308313,265.410807550213
1308314,86.0077280021026
1308315,344.096618940689
1308316,
1309011,95.9704314892471
1309012,481.584829613001
1309013,239.545084070735
1309014,139.776992842103
1309015,400.375251601544
1309016,
1309021,138.408723210465
1309022,350.023432755307
1309023,165.884794599896
1309024,97.5577291094531
1309025,236.082416986532
1309026,
1309031,138.825618927843
1309032,357.401285676803
1309033,174.655491296255
1309034,66.7042185386037
1309035,270.350123886175
1309036,
1309041,100.221969526295
1309042,362.249371679536
1309043,162.83743839423
1309044,102.369988965095
1309045,308.670506473354
1309046,
1309051,173.658100347255
1309052,400.95010523182
1309053,155.795527807677
1309054,64.7180977987766
1309055,309.022150561535
1309056,
1309061,171.415179710314
1309062,395.673296994009
1309063,183.372780096599
1309064,79.6716952926438
1309065,307.019415636833
1309066,
1309071,186.034060963767
1309072,591.523547732665
1309073,215.339022862711
1309074,65.0128197234662
1309075,447.991745678441
1309076,
1309081,88.8925958109828
1309082,576.040699297842
1309083,261.723925353895
1309084,115.868951321453
1309085,453.792300083562
1309086,
1309091,169.359968504942
1309092,331.981293986457
1309093,155.698998919682
1309094,78.4321446410245
1309095,266.740185481098
1309096,
1309101,89.6944536084346
1309102,363.667829135983
1309103,186.631885480156
1309104,75.320737395332
1309105,272.085784886284
1309106,
1309111,103.363686559795
1309112,350.81380789681
1309113,156.993834222857
1309114,84.1743682721035
1309115,266.283742487977
1309116,
1309121,106.474399987548
1309122,354.282593212868
1309123,128.957531070768
1309124,79.9069125959926
1309125,291.297115676725
1309126,
1309131,122.564626199915
1309132,413.041864366013
1309133,142.450922270702
1309134,60.0423801030524
1309135,306.313400312796
1309136,
1309141,174.938807466572
1309142,530.825102628704
1309143,230.524249936583
1309144,68.6316728927997
1309145,383.083373412478
1309146,
1309151,55.1960062296304
1309152,494.908185078447
1309153,199.525819245624
1309154,150.947116904365
1309155,368.235519264474
1309156,
1309161,146.760234890658
1309162,363.701917843028
1309163,150.458078596152
1309164,68.5094924358894
1309165,230.653426038182
1309166,
1309171,136.118044538363
1309172,321.054881338889
1309173,121.601419092438
1309174,88.0432401860715
1309175,320.526447004404
1309176,
1309181,152.255085210606
1309182,327.413713418182
1309183,123.430475306719
1309184,81.9233275996418
1309185,273.5407716877
1309186,
1309191,148.674992078993
1309192,362.273757016504
1309193,127.595436733938
1309194,56.2795004974713
1309195,300.262376130314
1309196,
1309201,110.159250328825
1309202,375.16829079452
1309203,119.995567870545
1309204,87.4952661591497
1309205,377.403500794794
1309206,
1309211,178.263887943827
1309212,525.014097788583
1309213,227.17812505778
1309214,48.2782247656494
1309215,320.960054511642
1309216,
1309221,86.6668973821597
1309222,500.579617827733
1309223,216.025597526986
1309224,181.071825652617
1309225,359.99538027315
1309226,
1309231,111.128410563554
1309232,339.417738661045
1309233,115.173949077037
1309234,72.8638989817766
1309235,293.881781699553
1309236,
1309241,139.64144576808
1309242,314.00466178787
1309243,107.515311254663
1309244,91.9109696976559
1309245,261.601833826599
1309246,
1309251,117.94119333604
1309252,333.964687913619
1309253,133.455357081465
1309254,83.2754466610357
1309255,298.284260355615
1309256,
1309261,203.314345156607
1309262,348.862509645868
1309263,111.331440019646
1309264,52.9418817206733
1309265,287.793533580575
1309266,
1309271,135.507291692088
1309272,337.894647078396
1309273,102.187864090432
1309274,93.9440670728549
1309275,283.206061885802
1309276,
1309281,134.613756840197
1309282,578.156874149585
1309283,247.995826181906
1309284,98.4375774152303
1309285,290.84887886944
1309286,
1309291,68.6316896995448
1309292,503.155199518292
1309293,194.986111359586
1309294,148.939102156167
1309295,304.830463976939
1309296,
1309301,156.502435955326
1309302,360.827106059368
1309303,141.992865332313
1309304,98.1860676233875
1309305,331.154356903853
1309306,
1310011,123.397540137977
1310012,356.816079467772
1310013,135.614594111775
1310014,67.6549909234488
1310015,351.590991371398
1310016,
1310021,196.720969158391
1310022,423.688173539227
1310023,156.465804020451
1310024,119.813127526207
1310025,322.880300414914
1310026,
1310031,75.2337302417469
1310032,592.567211256288
1310033,192.293311340733
1310034,148.994652688514
1310035,440.898116086485
1310036,
1310041,156.066122625816
1310042,501.347948785726
1310043,179.301551909794
1310044,74.562061444226
1310045,280.756383513395
1310046,
1310051,152.280762053885
1310052,532.496621420318
1310053,225.910066727439
1310054,66.2032518834826
1310055,326.993164913838
1310056,
1310061,92.4805772695364
1310062,534.597184990357
1310063,225.346819831364
1310064,129.952199872951
1310065,340.701203063945
1310066,
1310071,124.841544023845
1310072,372.452301813743
1310073,146.80201055568
1310074,70.2008226210611
1310075,318.481660598268
1310076,
1310081,96.867100978839
1310082,324.616615610371
1310083,179.71807625926
1310084,73.2079831960351
1310085,245.656923063522
1310086,
1310091,149.761758936995
1310092,369.540618454844
1310093,153.104643981133
1310094,101.892689553858
1310095,260.831242292014
1310096,
1310101,119.300284972145
1310102,349.149490881751
1310103,157.491453078096
1310104,70.9668372971161
1310105,266.156733546376
1310106,
1310111,123.2348187168
1310112,349.112977802115
1310113,166.021960265633
1310114,75.3024074738754
1310115,229.072309397699
1310116,
1310121,140.262421715801
1310122,425.070804590291
1310123,204.748697582742
1310124,85.8339467852549
1310125,273.221595297806
1310126,
1310131,42.9967926268111
1310132,452.275706400622
1310133,187.165299913108
1310134,149.25084502852
1310135,248.357762950889
1310136,
1310141,109.863744271226
1310142,328.255116835268
1310143,155.668175429767
1310144,52.4609987818665
1310145,270.419718876308
1310146,
1310151,130.431802598324
1310152,354.885414944464
1310153,127.284237581592
1310154,93.0578771174161
1310155,219.941750803178
1310156,
1310161,146.070583461057
1310162,324.757529273156
1310163,143.148086490441
1310164,91.1515914626467
1310165,288.91825808676
1310166,
1310171,89.9411837855476
1310172,324.982641344802
1310173,138.523531007126
1310174,85.6188586141792
1310175,244.428871611246
1310176,
1310181,111.233698203856
1310182,321.70990029733
1310183,154.060413787211
1310184,65.0176982906717
1310185,295.076856315502
1310186,
1310191,121.590860465012
1310192,379.7774092487
1310193,218.403804936665
1310194,61.589080615236
1310195,281.559213676245
1310196,
1310201,70.1419855298474
1310202,437.66111375148
1310203,184.738688804128
1310204,124.018841960182
1310205,229.516910132085
1310206,
1310211,122.987868193302
1310212,312.390458346719
1310213,158.600060112572
1310214,71.2443638417337
1310215,187.562777604076
1310216,
1310221,111.927088663048
1310222,367.731628638611
1310223,124.349835290535
1310224,96.9923094777322
1310225,255.793613767243
1310226,
1310231,125.816016210178
1310232,339.191026703081
1310233,127.206231759846
1310234,94.6638761998211
1310235,271.192325022255
1310236,
1310241,123.163406361057
1310242,347.147339698928
1310243,156.231332746406
1310244,95.9995140166535
1310245,246.175469323983
1310246,41.8130384176761
1310251,113.661858634409
1310252,331.531922475238
1310253,160.591057645463
1310254,70.0532365692146
1310255,262.479741759397
1310256,16.4108759321994
1310261,161.678805315967
1310262,403.176380323358
1310263,189.242202262172
1310264,63.040579010536
1310265,260.812943526863
1310266,18.5744577876439
1310271,102.355195816072
1310272,541.86792448218
1310273,190.712737133049
1310274,186.537638448479
1310275,292.452459619799
1310276,24.6400839236906
1310281,129.482192717092
1310282,358.47390890485
1310283,133.336139828081
1310284,74.3238360664755
1310285,196.841869220639
1310286,
1310291,112.285893935052
1310292,343.382554561478
1310293,140.485738793355
1310294,74.735898673334
1310295,194.050358871373
1310296,43.5153660789191
1310301,121.506077008915
1310302,315.521819776895
1310303,130.066409188398
1310304,48.1084083947754
1310305,295.266893345374
1310306,38.8942676789686
1310311,133.723541287582
1310312,297.251141804671
1310313,131.888004220895
1310314,85.5171451600742
1310315,242.152859667865
1310316,16.8022951787266
1311011,100.182160485504
1311012,336.018177940212
1311013,131.595462324601
1311014,91.3424292969203
1311015,273.370278323609
1311016,48.6054000047875
1311021,149.172348030766
1311022,433.411475491698
1311023,196.1559913362
1311024,60.8349248921595
1311025,225.660926756768
1311026,70.1309361215906
1311031,97.4532740046654
1311032,549.620047848044
1311033,170.032963538546
1311034,128.473076323971
1311035,250.834570281876
1311036,34.2580409055977
1311041,137.864260444157
1311042,269.386056106044
1311043,127.268329765293
1311044,
1311045,243.480688862574
1311046,17.8744198764574
1311051,103.700267261952
1311052,247.501683917765
1311053,103.887044199963
1311054,74.2946461688414
1311055,189.316339883043
1311056,41.7139880995306
1311061,109.097001107423
1311062,273.952220004938
1311063,79.0889861643745
1311064,64.0286940032467
1311065,193.037644420427
1311066,50.5185888728345
1311071,118.470603286455
1311072,276.67098423661
1311073,122.745430561521
1311074,67.2858927962349
1311075,225.684071441743
1311076,50.2266196683466
1311081,132.796244239256
1311082,270.935184532938
1311083,101.771889831401
1311084,65.3154182108296
1311085,208.931884105255
1311086,53.5192500112591
1311091,99.9317959514759
1311092,391.257430539666
1311093,136.287645125254
1311094,63.0232472685735
1311095,221.231762690697
1311096,51.1297514715512
1311101,108.561660295105
1311102,554.358848899602
1311103,190.963900511964
1311104,176.522124121548
1311105,338.893723228729
1311106,39.7377803974395
1311111,124.580485617569
1311112,277.910909861899
1311113,120.162641671644
1311114,76.1706634927456
1311115,242.681615020156
1311116,62.3605448128483
1311121,111.970870543294
1311122,257.306498146673
1311123,107.253206740507
1311124,49.0155893982333
1311125,196.457888917276
1311126,41.3570335382478
1311131,78.0382483442215
1311132,253.679516784304
1311133,119.867748504171
1311134,65.8442679091616
1311135,243.067077049956
1311136,65.0616903306825
1311141,121.180219705286
1311142,252.672301244525
1311143,69.8361305530764
1311144,57.5383042189858
1311145,209.051190249137
1311146,44.8353611437005
1311151,122.76929773359
1311152,261.631579072909
1311153,93.6794869368266
1311154,51.4925840580978
1311155,210.424923048355
1311156,61.0014708202482
1311161,126.793397398979
1311162,388.456732659322
1311163,137.151643129665
1311164,49.4223775237036
1311165,261.755181235489
1311166,72.2449528103848
1311171,74.3945185864517
1311172,585.360633461221
1311173,219.230607681238
1311174,177.087584201101
1311175,434.514684349967
1311176,37.9512648752007
1311181,129.109032642028
1311182,271.38800449289
1311183,91.0125010507372
1311184,49.8879972007333
1311185,211.412460843845
1311186,64.8333393440256
1311191,106.906118646237
1311192,256.059323867932
1311193,82.9422221901555
1311194,54.9978272171921
1311195,175.243335348158
1311196,61.9559723571108
1311201,124.324612351715
1311202,254.568609014357
1311203,97.7892812341537
1311204,78.1131998337016
1311205,189.093245051335
1311206,70.0645170068576
1311211,144.359927455555
1311212,265.659732396587
1311213,101.903925231963
1311214,58.3913411790683
1311215,188.007263743597
1311216,95.3284808994841
1311221,107.962731413831
1311222,264.858352033057
1311223,93.0736046522105
1311224,57.7729401837321
1311225,182.217584291959
1311226,111.068512845509
1311231,96.5196766761341
1311232,371.973598822071
1311233,174.47896691478
1311234,91.899653481564
1311235,208.761601079823
1311236,60.8486978870594
1311241,76.4120061231823
1311242,563.703199691435
1311243,256.642590494745
1311244,175.128357778932
1311245,369.426275393692
1311246,90.7061638144903
1311251,129.81992805086
1311252,243.739175008053
1311253,73.4033326848311
1311254,92.5228806731995
1311255,243.044424030491
1311256,91.4526701439361
1311261,123.431703158233
1311262,270.066780638125
1311263,102.058774564762
1311264,57.5784741040714
1311265,246.470658207108
1311266,87.9569789296446
1311271,93.5321454303922
1311272,249.98388856265
1311273,73.1540919998792
1311274,78.1936852275363
1311275,199.971144378813
1311276,60.3973679194948
1311281,128.842426194061
1311282,245.157903548545
1311283,111.25498488686
1311284,101.637479250916
1311285,218.574938092632
1311286,90.6225992800748
1311291,104.966463375073
1311292,270.604986736201
1311293,98.1353983496204
1311294,83.7787352392597
1311295,198.643762741097
1311296,76.747514503209
1311301,104.09003869481
1311302,364.558396204025
1311303,113.559536109209
1311304,
1311305,184.670559295231
1311306,143.915450636457
1312011,68.0762231823542
1312012,584.644687013588
1312013,192.108648794295
1312014,140.686615291205
1312015,251.171365445472
1312016,44.0077752087685
1312021,113.931498716313
1312022,278.664927166837
1312023,112.729510161019
1312024,73.3221953360975
1312025,200.880829213958
1312026,82.4652842288532
1312031,94.7658652080226
1312032,247.82662169358
1312033,112.863485924238
1312034,68.5617336096169
1312035,187.803590029425
1312036,65.9731311817255
1312041,128.922855106228
1312042,267.381898238725
1312043,118.598952445714
1312044,63.7021074904902
1312045,214.941099341808
1312046,49.6036003125754
1312051,120.974699669869
1312052,270.133710033378
1312053,114.608744793432
1312054,66.2712031267702
1312055,190.110646923888
1312056,128.169290294417
1312061,112.015650593347
1312062,242.429691903367
1312063,72.7803476565256
1312064,81.3614647215711
1312065,211.036554280616
1312066,70.4079048569509
1312071,121.408564819885
1312072,330.405150816589
1312073,116.79937370528
1312074,61.3937929370576
1312075,194.816564885098
1312076,80.1179141217449
1312081,36.2650169585334
1312082,502.371531950746
1312083,169.017349331006
1312084,101.998231468739
1312085,211.40480292494
1312086,41.6271818292862
1312091,134.680550018524
1312092,224.635145960176
1312093,104.226092074174
1312094,66.1496191363994
1312095,170.524972886057
1312096,85.9735669347355
1312101,104.352034970751
1312102,257.948246753247
1312103,112.124568350855
1312104,60.8077382038886
1312105,149.431342843146
1312106,67.8622027353327
1312111,85.9079819233536
1312112,258.730733034518
1312113,76.939456885603
1312114,49.7261823587047
1312115,155.814778301331
1312116,36.8244763668639
1312121,88.2075449690532
1312122,246.420486617343
1312123,99.2007093905854
1312124,62.7526558507983
1312125,180.75061797104
1312126,104.880352148774
1312131,85.5324935340658
1312132,215.102454376754
1312133,66.2056003249106
1312134,
1312135,181.364999270263
1312136,90.0832446655234
1312141,120.787742012371
1312142,327.613078777548
1312143,103.130500344652
1312144,
1312145,197.802586637735
1312146,99.8155116392742
1312151,71.5352172710921
1312152,564.33503068692
1312153,188.326403909678
1312154,97.4825174374607
1312155,217.492553439895
1312156,114.662454089235
1312161,120.791211521354
1312162,230.285819128034
1312163,72.9462694852638
1312164,37.1897783267561
1312165,157.392485896369
1312166,47.6501511414247
1312171,74.6283250889016
1312172,261.524378936327
1312173,88.8118459700858
1312174,69.9500582980743
1312175,174.571555755812
1312176,60.5001349401418
1312181,86.4115250991858
1312182,241.880289555687
1312183,78.6704329646384
1312184,81.0249143151096
1312185,183.895860880414
1312186,69.5040386540523
1312191,101.589644453608
1312192,265.154110289682
1312193,66.4245588886188
1312194,79.0572340066618
1312195,175.651475866415
1312196,89.4706690868603
1312201,114.601001275823
1312202,273.618541350621
1312203,91.3320661013639
1312204,69.9295037876725
1312205,187.406124646547
1312206,66.4826350991988
1312211,124.541759682586
1312212,354.063657483224
1312213,120.97859354729
1312214,63.5616525987563
1312215,191.007159526764
1312216,98.5535495363417
1312221,41.7300439888931
1312222,463.81219748514
1312223,145.07834868862
1312224,138.655812124506
1312225,236.081350951816
1312226,74.7138069947243
1312231,183.608991270752
1312232,430.94267042062
1312233,129.105729760414
1312234,60.8076590130824
1312235,221.057091994517
1312236,109.827662725605
1312241,220.330670230618
1312242,531.778119659333
1312243,131.060157748043
1312244,
1312245,251.566250844717
1312246,61.36878208577
1312251,
1312252,
1312253,
1312254,
1312255,
1312256,
1312261,
1312262,
1312263,
1312264,
1312265,
1312266,
1312271,152.367434643543
1312272,433.889713549154
1312273,155.11961993256
1312274,
1312275,270.571377693833
1312276,34.5569447026584
1312281,
1312282,
1312283,
1312284,
1312285,
1312286,
1312291,131.267289010755
1312292,510.015069971101
1312293,186.144873761997
1312294,175.489183127665
1312295,292.517266268393
1312296,30.1718294542218
1312301,126.58984459848
1312302,494.782420691912
1312303,187.939016759106
1312304,
1312305,454.376684162368
1312306,40.86384615436
1312311,211.390838466052
1312312,586.131309693688
1312313,192.198716551642
1312314,
1312315,1625.69060128682
1312316,
1401011,
1401012,
1401013,
1401014,
1401015,
1401016,
1401021,153.166492227541
1401022,449.418219323415
1401023,142.307970667817
1401024,71.7295837755931
1401025,257.525894400416
1401026,35.620197470415
1401031,109.484763536521
1401032,405.814478197605
1401033,99.6058148024772
1401034,111.358444084666
1401035,227.91315882647
1401036,
1401041,116.250540066432
1401042,408.762961257816
1401043,176.104155461342
1401044,104.673188597976
1401045,262.179156885669
1401046,
1401051,67.7899909491401
1401052,529.982266493949
1401053,178.657856307418
1401054,124.764364378822
1401055,242.820622344855
1401056,
1401061,146.911067784297
1401062,299.874480982131
1401063,96.4413422236739
1401064,104.294206603332
1401065,247.848021036211
1401066,
1401071,147.5457609484
1401072,296.549615645128
1401073,112.998810300322
1401074,79.4168862163993
1401075,211.332603686944
1401076,
1401081,99.9068767897401
1401082,258.406939246541
1401083,110.955888544422
1401084,82.3370153760945
1401085,225.800497171104
1401086,
1401091,113.541525918277
1401092,260.439674899334
1401093,83.9980788562239
1401094,80.2711861838417
1401095,243.430253024245
1401096,
1401101,119.05554059635
1401102,286.482721735479
1401103,95.5815560630447
1401104,63.2504812118984
1401105,218.497124848402
1401106,
1401111,127.95986526115
1401112,384.22983618022
1401113,135.297629284998
1401114,57.1201137737824
1401115,255.193769001422
1401116,
1401121,83.4017498521773
1401122,582.354079603658
1401123,219.451253434072
1401124,187.466582265489
1401125,268.081222848751
1401126,
1401131,103.994034974792
1401132,251.321752602056
1401133,91.9494027091745
1401134,49.8996215621949
1401135,244.284690811498
1401136,
1401141,166.347532764571
1401142,305.619039555862
1401143,122.777586804221
1401144,83.7591557253582
1401145,258.018070899922
1401146,
1401151,139.042567223334
1401152,266.688234496087
1401153,87.3664607700347
1401154,78.6490722353439
1401155,258.99138827716
1401156,
1401161,117.779119691395
1401162,280.275781868982
1401163,96.8634711145641
1401164,57.5214212168637
1401165,217.577430276885
1401166,
1401171,94.7938386484339
1401172,257.771904141454
1401173,104.953877469258
1401174,61.4660377155236
1401175,228.685872660367
1401176,
1401181,102.633649837911
1401182,357.4107536578
1401183,120.949485978232
1401184,66.7096858590463
1401185,296.458168922809
1401186,
1401191,53.0014671833047
1401192,519.732257703175
1401193,201.951819155127
1401194,161.394205203827
1401195,284.622738586554
1401196,
1401201,99.6819363621683
1401202,273.490861004483
1401203,113.234752934943
1401204,66.1656875195136
1401205,207.228759924773
1401206,
1401211,116.784600007305
1401212,259.272175875601
1401213,77.5553536704606
1401214,98.212098799943
1401215,211.786064330115
1401216,
1401221,102.344424741026
1401222,241.123430544226
1401223,92.2641863752576
1401224,82.1429701099207
1401225,235.346514222246
1401226,
1401231,105.740276056438
1401232,263.978251498374
1401233,81.1028349597974
1401234,66.0486669031107
1401235,265.989245866942
1401236,
1401241,143.164448746188
1401242,261.219962431997
1401243,107.52760671402
1401244,72.3865767161981
1401245,254.008786140808
1401246,
1401251,129.09233380561
1401252,351.252465656399
1401253,126.527150265602
1401254,84.5110962290284
1401255,317.298683061094
1401256,
1401261,65.4883238458282
1401262,483.659434750003
1401263,180.142333235844
1401264,201.191517525166
1401265,336.227703734553
1401266,
1401271,177.797639286942
1401272,228.4378109063
1401273,75.4459859682384
1401274,66.2599633585981
1401275,223.188610002863
1401276,
1401281,63.9844736113181
1401282,297.344059006804
1401283,75.4229619299912
1401284,74.0575405609287
1401285,235.951227153213
1401286,
1401291,75.1156293987916
1401292,230.305934307389
1401293,68.1785483682205
1401294,76.2200829273755
1401295,217.495225875601
1401296,
1401301,140.794194214435
1401302,268.187299324192
1401303,79.5836968191726
1401304,72.9890223085887
1401305,264.256585339608
1401306,
1401311,133.303478983532
1401312,286.654898966864
1401313,100.011817875289
1401314,64.6906831302521
1401315,269.494364878668
1401316,
1402011,101.932146850505
1402012,363.477743653721
1402013,114.429951891346
1402014,105.676725668115
1402015,290.121392280101
1402016,
1402021,76.7574943519772
1402022,556.341089710331
1402023,227.15592477005
1402024,237.893596916681
1402025,411.693460013424
1402026,
1402031,154.323103655617
1402032,348.771730579887
1402033,90.3029340308988
1402034,152.956273429037
1402035,270.607601202372
1402036,
1402041,130.284962020954
1402042,260.453691923776
1402043,101.092269728102
1402044,112.894063883488
1402045,255.009175595281
1402046,
1402051,128.512982776585
1402052,303.821114890027
1402053,100.257337241581
1402054,135.061148458054
1402055,274.355368402748
1402056,
1402061,93.2145715747619
1402062,281.271370841592
1402063,91.6727617273963
1402064,140.050350415932
1402065,258.917425529588
1402066,
1402071,99.7607356052368
1402072,277.116052767499
1402073,76.9602993993158
1402074,118.729800726482
1402075,236.760781785701
1402076,
1402081,120.862739831777
1402082,444.88120408508
1402083,149.955802485993
1402084,152.794657636639
1402085,305.058089685015
1402086,
1402091,57.0074894928223
1402092,569.839111992589
1402093,160.76179807863
1402094,365.729264338809
1402095,363.120781551495
1402096,
1402101,154.183743327497
1402102,289.527230880774
1402103,109.588423918544
1402104,99.6175131980021
1402105,249.77351530581
1402106,
1402111,93.60500318626259
1402112,316.588828519672
1402113,73.9886604663427
1402114,152.370461421554
1402115,236.7220733882
1402116,
1402121,165.738384661521
1402122,304.004411606266
1402123,66.7127828373738
1402124,77.6867709724671
1402125,264.817044704002
1402126,
1402131,112.481302733138
1402132,299.888751175176
1402133,93.0362856795219
1402134,185.345507160016
1402135,288.026236118619
1402136,
1402141,127.922310495651
1402142,313.418025928576
1402143,94.3020113828986
1402144,174.557054369197
1402145,321.401903496864
1402146,
1402151,169.517528839106
1402152,474.035638350371
1402153,130.363632393015
1402154,198.394939954409
1402155,316.121966093225
1402156,
1402161,66.1488570531461
1402162,642.255713146016
1402163,177.142498376336
1402164,286.001635626433
1402165,397.890970167717
1402166,
1402171,139.563931976797
1402172,329.690366180098
1402173,102.644597942537
1402174,126.598201633374
1402175,259.552787900081
1402176,
1402181,101.128808084497
1402182,275.501866816375
1402183,100.927275343868
1402184,115.553470501728
1402185,285.696716626729
1402186,
1402191,139.712963296062
1402192,317.300543446827
1402193,70.6249007434564
1402194,85.6674251344062
1402195,244.745193995473
1402196,
1402201,115.493305434483
1402202,332.24034886181
1402203,122.10498999886
1402204,135.821239683404
1402205,254.693822568293
1402206,
1402211,195.749507104036
1402212,304.683845985775
1402213,108.854131975822
1402214,128.229656396637
1402215,333.413645056526
1402216,
1402221,138.333592943018
1402222,501.288627565406
1402223,138.609213789689
1402224,135.439401637301
1402225,283.857426834567
1402226,
1402231,79.4422222430818
1402232,711.608645093162
1402233,193.554471815095
1402234,430.500089196343
1402235,394.240086291001
1402236,
1402241,152.556733984074
1402242,278.245512066627
1402243,108.430124488258
1402244,57.8485386075181
1402245,259.072372304433
1402246,
1402251,115.741936459404
1402252,261.518665118435
1402253,108.939498064625
1402254,84.348923725007
1402255,255.218562114268
1402256,
1402261,95.0173566075507
1402262,311.376704215006
1402263,128.531264986325
1402264,89.3583951531774
1402265,246.406277305466
1402266,
1402271,142.599019478366
1402272,300.168385368184
1402273,124.046174688955
1402274,90.8121601379897
1402275,258.629543719353
1402276,
1402281,121.868073185287
1402282,304.253089953571
1402283,126.336309548451
1402284,69.1088225459759
1402285,277.702428848911
1402286,
1403011,140.96854447309
1403012,463.931706683171
1403013,198.690224507104
1403014,109.019649999515
1403015,356.078419246933
1403016,
1403021,78.304687930775
1403022,613.772072740439
1403023,216.454079253849
1403024,107.77449609988
1403025,321.485150071242
1403026,
1403031,123.816845981151
1403032,340.843721805049
1403033,135.701798900913
1403034,95.1732754360082
1403035,292.727936923252
1403036,
1403041,110.664379295042
1403042,322.507407389951
1403043,121.592712107845
1403044,66.7496305599525
1403045,249.829686460274
1403046,
1403051,104.010771805795
1403052,272.380162040079
1403053,118.308239334894
1403054,105.773446388565
1403055,252.444455457162
1403056,
1403061,119.64957040592
1403062,296.782446572738
1403063,110.011978248391
1403064,93.897140786047
1403065,251.572908933497
1403066,
1403071,115.297355656246
1403072,293.295574945633
1403073,120.373696996274
1403074,87.1135437231353
1403075,211.366012107748
1403076,
1403081,116.679903321343
1403082,478.500223651153
1403083,188.514875432772
1403084,123.725264018424
1403085,265.958911689045
1403086,
1403091,92.618539664325
1403092,620.71339369779
1403093,200.515094351829
1403094,178.017374804103
1403095,354.983557989906
1403096,
1403101,150.516891177572
1403102,317.378702108067
1403103,112.794099599255
1403104,77.0050691066935
1403105,194.366328186192
1403106,
1403111,151.221168841794
1403112,264.37746726286
1403113,118.436643402473
1403114,96.0114193579654
1403115,257.869223064409
1403116,
1403121,91.0474158512995
1403122,275.552175296613
1403123,116.929079432661
1403124,87.5819491860972
1403125,271.282405295851
1403126,
1403131,141.400369720196
1403132,322.865434589691
1403133,112.905736442376
1403134,86.3042676126607
1403135,231.683186905879
1403136,
1403141,123.912083680615
1403142,309.267472114849
1403143,124.458118600583
1403144,83.095661478459
1403145,250.29296439151
1403146,
1403151,137.683942432828
1403152,426.528946577857
1403153,193.490537174953
1403154,101.236649263482
1403155,280.923615726204
1403156,
1403161,67.1675793738149
1403162,427.380944455632
1403163,111.822263295225
1403164,135.208641454406
1403165,214.983984608509
1403166,
1403171,141.547905542998
1403172,283.82852752228
1403173,124.597166174611
1403174,60.8538978246202
1403175,219.697175244681
1403176,
1403181,88.2250444509535
1403182,286.018793506259
1403183,101.817031593089
1403184,74.6021348426954
1403185,270.977176630639
1403186,
1403191,99.6845823880711
1403192,287.60155477635
1403193,123.100077090268
1403194,62.5925254079212
1403195,209.154606236614
1403196,
1403201,128.138232106811
1403202,297.335857719945
1403203,134.121055636733
1403204,87.401519892581
1403205,277.253330900992
1403206,
1403211,104.8547456835
1403212,316.080628373637
1403213,116.384010751598
1403214,76.876909493407
1403215,239.804246611309
1403216,
1403221,130.851901605861
1403222,497.958416841062
1403223,219.403158616365
1403224,75.7095901700985
1403225,299.753027543412
1403226,
1403231,71.128447822127
1403232,492.856825031606
1403233,161.390262011678
1403234,122.218061087289
1403235,247.35726790541
1403236,
1403241,174.642338237835
1403242,326.267041619462
1403243,136.254540386182
1403244,63.1258826839349
1403245,242.701095068185
1403246,
1403251,130.828394911681
1403252,327.070593673512
1403253,101.627143801847
1403254,61.7796782841541
1403255,242.582823119935
1403256,
1403261,164.073709880608
1403262,316.014621957881
1403263,102.514588286972
1403264,85.5428445981278
1403265,274.499442130787
1403266,
1403271,217.595707302914
1403272,384.826956477695
1403273,106.499230569624
1403274,86.7553324054727
1403275,270.972684277455
1403276,
1403281,210.364589078685
1403282,373.193892353262
1403283,132.839281058574
1403284,63.7182248755607
1403285,333.141969255609
1403286,
1403291,201.442576014825
1403292,600.636330304354
1403293,197.333675027563
1403294,78.2472154179189
1403295,422.293448127181
1403296,
1403301,77.0718729480323
1403302,541.041022021925
1403303,158.401753894457
1403304,114.215169292857
1403305,322.450782225319
1403306,
1403311,165.782083579859
1403312,340.519359885231
1403313,122.158056434949
1403314,79.3606414264492
1403315,284.916561193775
1403316,
1404011,143.934571968464
1404012,344.347041678838
1404013,136.757939715278
1404014,95.6643816088289
1404015,211.213532805788
1404016,
1404021,145.793768476637
1404022,357.401889148184
1404023,122.274399264469
1404024,61.0392736386212
1404025,251.722288103618
1404026,
1404031,199.334213779063
1404032,338.691456861455
1404033,134.055860641411
1404034,59.6091517158522
1404035,272.475241001337
1404036,
1404041,149.094869799179
1404042,348.498254975841
1404043,115.557770684235
1404044,86.3516555627854
1404045,319.888737791246
1404046,
1404051,166.366651532902
1404052,524.065479089145
1404053,192.693454800978
1404054,77.0706831333719
1404055,322.471971495165
1404056,
1404061,79.4656989548114
1404062,577.282474747519
1404063,179.59924292824
1404064,145.543499552535
1404065,359.285503303671
1404066,
1404071,175.863088463562
1404072,357.629946491513
1404073,177.997097273513
1404074,67.168817927136
1404075,310.063462856119
1404076,
1404081,104.711261779938
1404082,353.523529645886
1404083,147.639998607765
1404084,89.2544999884012
1404085,290.183609710366
1404086,
1404091,168.945582350845
1404092,366.100231824073
1404093,162.758801105285
1404094,96.4118611109018
1404095,271.099007471483
1404096,
1404101,153.689913112803
1404102,362.307296259006
1404103,139.443674153022
1404104,72.2396331836692
1404105,296.272579857626
1404106,
1404111,150.197974521935
1404112,375.837949456716
1404113,141.685913469588
1404114,58.9219511045009
1404115,277.160414027556
1404116,
1404121,230.41912840806
1404122,574.526430697981
1404123,241.849822382462
1404124,54.5280148344852
1404125,450.699337056635
1404126,
1404131,106.9717520005
1404132,631.475800914064
1404133,198.033088214577
1404134,138.42569385051
1404135,381.800588193029
1404136,
1404141,126.41212420811
1404142,407.696472609752
1404143,156.105982266937
1404144,55.4508724176006
1404145,279.326942781212
1404146,
1404151,109.472548649702
1404152,460.801074530961
1404153,190.120642033098
1404154,85.7052852416814
1404155,335.143030954254
1404156,
1404161,110.647041867212
1404162,439.876371928798
1404163,198.969950489909
1404164,80.9877329185756
1404165,297.536491311772
1404166,
1404171,259.250121969818
1404172,562.281813457354
1404173,214.383480919186
1404174,81.8180814450846
1404175,427.107033298615
1404176,
1404181,
1404182,
1404183,
1404184,
1404185,
1404186,
1404191,290.428956680919
1404192,701.506792782752
1404193,273.491937842767
1404194,
1404195,424.763063011418
1404196,
1404201,57.7509189177541
1404202,670.020496886695
1404203,274.182299457511
1404204,189.548617602604
1404205,378.764958797144
1404206,
1404211,109.431179378053
1404212,683.784882752709
1404213,298.187238978591
1404214,89.0074737430748
1404215,243.108241978467
1404216,
1404221,169.196248011103
1404222,460.8751181337
1404223,182.98384854032
1404224,
1404225,238.30390072268
1404226,
1404231,162.980101956576
1404232,465.58877492787
1404233,183.539691874899
1404234,67.1712850654668
1404235,239.066295265338
1404236,
1404241,155.338780558714
1404242,417.193979627359
1404243,167.084247067964
1404244,61.1765774384312
1404245,277.90742095382
1404246,
1404251,103.620395874603
1404252,456.429396514049
1404253,166.559313065076
1404254,53.1570826268308
1404255,289.368785455912
1404256,
1404261,143.988134045973
1404262,586.998427577162
1404263,199.626205406704
1404264,72.1185398547604
1404265,302.862050051497
1404266,
1404271,67.5791269771508
1404272,584.577549685164
1404273,195.501610348286
1404274,112.495745498543
1404275,249.301047517779
1404276,
1404281,142.899118015523
1404282,406.097160006948
1404283,134.855002124095
1404284,77.3638484419459
1404285,204.961291079966
1404286,
1404291,145.382373304754
1404292,426.634045431234
1404293,152.025502640473
1404294,65.3847746871142
1404295,287.361243256404
1404296,
1404301,168.447583367336
1404302,440.782783930678
1404303,154.434645162314
1404304,51.0562893306812
1404305,324.692536719349
1404306,
1405011,
1405012,
1405013,
1405014,
1405015,
1405016,
1405021,194.877300541007
1405022,506.773609930646
1405023,183.845898367796
1405024,77.6145056918161
1405025,345.188442766659
1405026,
1405031,
1405032,
1405033,
1405034,
1405035,
1405036,
1405041,
1405042,
1405043,
1405044,
1405045,
1405046,
1405051,344.712427419033
1405052,1203.43112985675
1405053,565.941679350249
1405054,293.109398326081
1405055,749.218709204354
1405056,
1405061,117.634364611904
1405062,350.107434330692
1405063,113.629663759254
1405064,87.8622507140459
1405065,265.023592604083
1405066,
1405071,90.0459392081919
1405072,315.890695137174
1405073,91.0872706951132
1405074,92.4936971920041
1405075,206.372294382589
1405076,
1405081,149.299133313087
1405082,366.1450783331
1405083,123.776673695357
1405084,82.1783266012903
1405085,266.240037647833
1405086,
1405091,93.4116822522153
1405092,324.860077549193
1405093,145.894157572286
1405094,66.0161743425402
1405095,275.258837409267
1405096,
1405101,123.724674602317
1405102,478.617066120892
1405103,166.329341490019
1405104,104.094163257842
1405105,335.938747106641
1405106,
1405111,61.0065824620734
1405112,460.682512294828
1405113,160.191203395938
1405114,147.881905447336
1405115,361.969960059764
1405116,
1405121,117.63724487723
1405122,328.92733265268
1405123,123.83551731917
1405124,67.4955434507817
1405125,228.702480093214
1405126,
1405131,140.036281903001
1405132,297.999814467772
1405133,118.976012937567
1405134,101.214069608519
1405135,284.656364394564
1405136,
1405141,107.299783874075
1405142,314.953597620915
1405143,127.483930182396
1405144,41.4123064196756
1405145,264.50249229848
1405146,
1405151,123.833393024816
1405152,352.418195482769
1405153,124.638931817625
1405154,63.5101290538195
1405155,264.770092066181
1405156,
1405161,182.247331664509
1405162,422.284930999887
1405163,161.947276175832
1405164,85.4807679768228
1405165,373.755034015357
1405166,
1405171,128.405482365147
1405172,507.850100762978
1405173,225.148891508595
1405174,50.3660101081308
1405175,423.072504158874
1405176,
1405181,94.9265718873585
1405182,598.067011591372
1405183,209.615126303356
1405184,149.244078377209
1405185,381.742838590355
1405186,
1405191,108.184039506908
1405192,385.830427464834
1405193,132.991806725831
1405194,83.9681823631343
1405195,229.433619956226
1405196,
1405201,112.779561925048
1405202,345.526173706413
1405203,142.282852833497
1405204,94.5737640355796
1405205,263.727611478052
1405206,
1405211,123.754439846218
1405212,356.727230834875
1405213,134.107923627317
1405214,48.2108285393945
1405215,227.256778174006
1405216,
1405221,116.368035292474
1405222,402.543178395128
1405223,105.985885216141
1405224,77.5543202377256
1405225,222.80717555258
1405226,
1405231,129.753386763715
1405232,410.166785875368
1405233,157.533819763355
1405234,50.8008994806073
1405235,284.81760171622
1405236,
1405241,117.223121200496
1405242,524.51228527573
1405243,196.118993968548
1405244,66.4306117273805
1405245,320.532138289062
1405246,
1405251,85.7502216285052
1405252,597.047216641851
1405253,216.640710498117
1405254,114.943972960342
1405255,288.498669954929
1405256,
1405261,117.265384467109
1405262,387.78920418638
1405263,138.556265702698
1405264,91.0457110069583
1405265,234.830421163947
1405266,
1405271,114.85034360851
1405272,424.223657962549
1405273,142.345521877251
1405274,84.6280561362088
1405275,280.087441868984
1405276,
1405281,190.55318445032
1405282,440.753384253967
1405283,196.534929868791
1405284,
1405285,317.665635686158
1405286,
1405291,85.879848415963
1405292,670.064174060842
1405293,254.295074075867
1405294,152.709702945456
1405295,429.25644892951
1405296,
1405301,187.239006431102
1405302,543.734282137968
1405303,264.036588750834
1405304,57.2454061447027
1405305,388.318379103362
1405306,
1405311,171.347524831197
1405312,616.245915538845
1405313,292.141593675945
1405314,68.1643312002004
1405315,382.044405388045
1405316,
1406011,93.4027092149433
1406012,676.063588454464
1406013,238.147667385848
1406014,129.4189036507
1406015,276.89033677768
1406016,
1406021,199.723160641356
1406022,441.052664780553
1406023,142.068446650007
1406024,65.7363488821332
1406025,292.066998952139
1406026,
1406031,142.538025704362
1406032,416.946808829077
1406033,161.471394704895
1406034,62.3903661114696
1406035,245.212148404522
1406036,
1406041,137.397470737802
1406042,415.711170989076
1406043,140.565721107956
1406044,53.2308769671162
1406045,268.264130359081
1406046,
1406051,194.604241155943
1406052,390.575773242664
1406053,151.313296014942
1406054,76.2135588168066
1406055,309.653125934012
1406056,
1406061,181.64230467912
1406062,428.95344334705
1406063,169.4728348911
1406064,
1406065,281.228067681119
1406066,
1406071,199.282826637538
1406072,753.443538177679
1406073,294.192956500557
1406074,79.7188444198125
1406075,442.520092981899
1406076,
1406081,116.13410257794
1406082,681.186640749589
1406083,280.533351180996
1406084,104.453562324412
1406085,386.974806899709
1406086,
1406091,110.83826883308
1406092,808.126780736088
1406093,304.46367931484
1406094,143.977898792685
1406095,438.305240388751
1406096,
1406101,183.918754774297
1406102,481.25061409398
1406103,171.161365845674
1406104,70.2099274704429
1406105,255.648794014527
1406106,
1406111,149.446544671322
1406112,400.748048990214
1406113,178.135623154436
1406114,83.6581389182717
1406115,294.969897021174
1406116,
1406121,139.828728810289
1406122,430.923755250979
1406123,169.739600653923
1406124,37.4555594997625
1406125,282.892238886454
1406126,
1406131,181.076990157327
1406132,469.760139519046
1406133,193.49931955084
1406134,75.4496723357508
1406135,340.63697845764
1406136,
1406141,198.692957520375
1406142,564.16430206382
1406143,226.966709069792
1406144,63.8372762263068
1406145,298.452306538051
1406146,
1406151,54.0249702204705
1406152,625.464619964173
1406153,241.106204197457
1406154,113.198169900375
1406155,351.284208007361
1406156,
1406161,162.607017592405
1406162,433.505937817699
1406163,172.158776127598
1406164,81.5364761006443
1406165,265.423252443088
1406166,
1406171,124.562218396083
1406172,419.651602758868
1406173,157.995568575297
1406174,57.1245129570396
1406175,262.931978223786
1406176,
1406181,137.865777862035
1406182,432.574331239166
1406183,153.068714255789
1406184,58.7589360079372
1406185,370.557182073761
1406186,
1406191,129.894799169399
1406192,429.955728270914
1406193,142.515967193978
1406194,88.1859744107587
1406195,360.857109541687
1406196,
1406201,175.728748384125
1406202,554.710447078857
1406203,196.162148829113
1406204,53.1800832506312
1406205,390.42111753906
1406206,
1406211,162.410672754329
1406212,691.302129885254
1406213,266.758833683806
1406214,55.3784359085427
1406215,398.075088856397
1406216,
1406221,99.6276132843513
1406222,687.127455430513
1406223,256.961787120751
1406224,112.87846427577
1406225,399.756375802425
1406226,
1406231,130.997404965594
1406232,511.714043984716
1406233,190.742545388738
1406234,89.1125310007438
1406235,331.768630064753
1406236,
1406241,119.068455962972
1406242,508.608322070437
1406243,193.611313869673
1406244,80.6814437485115
1406245,293.582453806941
1406246,
1406251,114.248639971521
1406252,517.169259136224
1406253,177.06025159912
1406254,74.4274080594379
1406255,359.294724220182
1406256,
1406261,139.644833904018
1406262,583.733870024269
1406263,231.944214454895
1406264,84.8155438313241
1406265,379.567358758783
1406266,
1406271,149.199619823898
1406272,595.204307059367
1406273,232.1659297551
1406274,65.0878866069292
1406275,371.32461993901
1406276,
1406281,234.368963456298
1406282,861.858616856627
1406283,396.51241111032
1406284,105.33599228222
1406285,498.133552158124
1406286,
1406291,99.024824945212
1406292,770.70069957598
1406293,288.960776618001
1406294,139.687762195994
1406295,316.483478198112
1406296,
1406301,171.873065791742
1406302,465.370251192507
1406303,199.516734222146
1406304,79.3880324911908
1406305,265.398277170529
1406306,
1407011,79.4657766414776
1407012,394.082975399495
1407013,166.483219456976
1407014,70.9302793020307
1407015,316.146546755302
1407016,
1407021,130.353573545155
1407022,409.989815931385
1407023,221.64426829774
1407024,72.3068065016839
1407025,276.124132291078
1407026,
1407031,158.210589058586
1407032,417.58250524734
1407033,153.536797218509
1407034,70.715968983487
1407035,312.120996437591
1407036,
1407041,112.903849016111
1407042,438.323208441248
1407043,173.627443141051
1407044,55.6437295906243
1407045,237.179690906075
1407046,
1407051,150.979319145129
1407052,576.842941856878
1407053,264.250346671558
1407054,59.349824147119
1407055,266.318604850659
1407056,
1407061,84.8042447667398
1407062,538.601505202659
1407063,233.465594390411
1407064,104.998588236863
1407065,328.547948636354
1407066,
1407071,142.241358541915
1407072,464.435046624119
1407073,178.249125100998
1407074,115.213371214749
1407075,250.701100019096
1407076,
1407081,109.606492090567
1407082,497.86988009808
1407083,168.649860088863
1407084,87.6708765599203
1407085,279.718738861263
1407086,
1407091,116.752191041734
1407092,494.252899710859
1407093,228.11907513824
1407094,83.4772394737553
1407095,307.646493692214
1407096,
1407101,132.724706258412
1407102,531.353706005132
1407103,223.619119116075
1407104,63.6686930675012
1407105,277.400541216063
1407106,
1407111,180.711513583786
1407112,574.876667537715
1407113,247.381838869973
1407114,72.8643980994303
1407115,274.779696075603
1407116,
1407121,142.331090508761
1407122,668.279669936841
1407123,320.066241689833
1407124,56.7325859363001
1407125,325.712408475341
1407126,
1407131,80.4531140833734
1407132,755.585190097404
1407133,273.940757145142
1407134,140.534826137305
1407135,354.517887131991
1407136,
1407141,153.698550894933
1407142,549.516511042481
1407143,253.553728025097
1407144,80.7491612883671
1407145,271.315673214406
1407146,
1407151,157.385041577792
1407152,544.627684283587
1407153,264.734551298798
1407154,60.3757248213977
1407155,314.481770581967
1407156,
1407161,158.680478444563
1407162,558.201351317468
1407163,293.549360397151
1407164,75.7094617154365
1407165,323.632670176317
1407166,
1407171,160.5229296933
1407172,601.547500290008
1407173,279.755391379459
1407174,44.5837021456503
1407175,290.371931596416
1407176,
1407181,119.811042532772
1407182,611.760795891468
1407183,320.693452457975
1407184,65.1758893086205
1407185,279.606579712619
1407186,
1407191,144.785544515647
1407192,758.007682186119
1407193,366.459562323487
1407194,63.9396602318238
1407195,305.406505596481
1407196,
1407201,111.990298336233
1407202,780.884234750352
1407203,339.902049984209
1407204,113.342961427795
1407205,365.530435169498
1407206,
1407211,137.703002341753
1407212,603.860645292956
1407213,229.035975623008
1407214,74.3176175346207
1407215,384.722754951842
1407216,
1407221,152.134170467115
1407222,613.026582121477
1407223,242.55244395064
1407224,64.3379713508066
1407225,288.485320151671
1407226,
1407231,144.39193026197
1407232,588.604501791308
1407233,287.633615174458
1407234,62.0133222629487
1407235,299.975419228409
1407236,
1407241,163.309889093623
1407242,571.880975843334
1407243,299.289482451215
1407244,55.5812697700574
1407245,285.813397183365
1407246,
1407251,145.131799090901
1407252,570.629898893856
1407253,272.241080478593
1407254,72.4700702140274
1407255,310.380470201733
1407256,
1407261,171.321523510186
1407262,685.499474554993
1407263,325.575890999292
1407264,54.4785321030328
1407265,318.191645962586
1407266,
1407271,90.1816334935297
1407272,782.178370436687
1407273,336.702952875535
1407274,130.342134846199
1407275,360.072361763218
1407276,
1407281,157.813837411395
1407282,630.170881828104
1407283,288.502420604966
1407284,68.3374949476673
1407285,309.221736704548
1407286,
1407291,144.455051194281
1407292,613.206800202833
1407293,287.894788588307
1407294,89.7377834900339
1407295,324.42755442785
1407296,
1407301,137.868369774792
1407302,621.013463682731
1407303,322.875881063173
1407304,
1407305,315.984826379323
1407306,
1407311,174.333709830106
1407312,600.50135887024
1407313,309.079343268278
1407314,
1407315,342.682103904377
1407316,
1408011,153.966193788182
1408012,607.946169858661
1408013,319.500774930285
1408014,55.4922004171488
1408015,338.081748886164
1408016,
1408021,189.444073316264
1408022,792.653007246797
1408023,371.317889627818
1408024,71.2444851718065
1408025,366.861495444026
1408026,
1408031,75.380692980006
1408032,771.25128183175
1408033,343.43792282254
1408034,100.964636640682
1408035,290.009691273793
1408036,
1408041,190.631341627449
1408042,698.072698306791
1408043,297.367760654552
1408044,79.889568584304
1408045,316.777899859372
1408046,
1408051,158.481203915988
1408052,686.651118672334
1408053,368.177763746686
1408054,
1408055,309.373113154504
1408056,
1408061,140.003286627353
1408062,716.477063899978
1408063,445.601241556296
1408064,97.1130711484701
1408065,319.569141755667
1408066,
1408071,172.493580385229
1408072,716.105540961349
1408073,369.463319760391
1408074,47.3199692188423
1408075,368.694685994019
1408076,
1408081,194.226703064487
1408082,758.990490310671
1408083,403.367070559787
1408084,
1408085,381.207188610429
1408086,
1408091,216.790146013299
1408092,874.906746085002
1408093,421.552973897958
1408094,
1408095,445.026634851619
1408096,
1408101,98.5919510239083
1408102,745.259273774263
1408103,361.157964082022
1408104,151.093936302627
1408105,381.081855640357
1408106,
1408111,186.843287518034
1408112,653.868277321944
1408113,333.672393288692
1408114,91.1963472550968
1408115,330.315799401244
1408116,
1408121,155.633056469153
1408122,664.240810149929
1408123,358.729401264242
1408124,63.2167591821066
1408125,334.42905626527
1408126,
1408131,129.960879412869
1408132,677.282564266312
1408133,333.616342702918
1408134,76.235138727592
1408135,410.801127074541
1408136,
1408141,162.312059256018
1408142,678.815717852276
1408143,339.910400493007
1408144,57.2280256624507
1408145,355.666119942456
1408146,
1408151,232.668688554884
1408152,693.284904927365
1408153,335.82007347829
1408154,87.458687582647
1408155,387.526085659007
1408156,
1408161,229.321098599377
1408162,799.707903247338
1408163,398.439701504847
1408164,72.4171950384352
1408165,434.075054526158
1408166,
1408171,
1408172,
1408173,
1408174,
1408175,
1408176,
1408181,204.943578961263
1408182,764.810921387808
1408183,452.006265844125
1408184,142.146441343042
1408185,556.679926797148
1408186,
1408191,157.516513226105
1408192,628.966445772187
1408193,292.31803993042
1408194,57.8173464999656
1408195,346.554678770709
1408196,
1408201,175.194857952978
1408202,643.938175647555
1408203,266.702414649788
1408204,79.2795151180945
1408205,357.682821176506
1408206,
1408211,177.59614021373
1408212,619.405496973352
1408213,328.98244802647
1408214,129.380176748505
1408215,344.591031316145
1408216,
1408221,196.422158119718
1408222,648.097075152002
1408223,327.903442796523
1408224,141.593761741229
1408225,379.972535118436
1408226,
1408231,226.633053661476
1408232,811.164148879375
1408233,436.061018707048
1408234,83.6088309577645
1408235,417.463006841929
1408236,
1408241,151.925968486667
1408242,861.503164156281
1408243,363.974117037647
1408244,153.573168857594
1408245,458.285490286472
1408246,
1408251,202.245341655226
1408252,453.730646773893
1408253,253.32067905636
1408254,86.6579211950299
1408255,261.569599386496
1408256,
1408261,143.842260185182
1408262,468.647046949547
1408263,212.353122239622
1408264,64.7300809868511
1408265,297.826898355689
1408266,
1408271,141.124540763453
1408272,552.631235154782
1408273,203.47656887381
1408274,91.7596012818803
1408275,357.732101208972
1408276,
1408281,147.59794847913
1408282,531.716288092032
1408283,251.865349600569
1408284,62.5912389709587
1408285,279.80996962599
1408286,
1408291,119.001507763099
1408292,523.697281303577
1408293,256.780128275747
1408294,82.0627400312176
1408295,287.276593971779
1408296,
1408301,162.81504486744
1408302,663.358329683797
1408303,295.555330754378
1408304,73.6875276947211
1408305,308.207385097927
1408306,
1408311,136.994199378168
1408312,636.485647070072
1408313,253.800184477715
1408314,173.204821790261
1408315,399.571169014924
1408316,
1409011,192.583927536972
1409012,482.354587353566
1409013,226.543273328489
1409014,
1409015,295.524396420605
1409016,
1409021,93.4032112729648
1409022,458.402237519055
1409023,240.285480333537
1409024,57.3142573687701
1409025,288.614038229533
1409026,
1409031,128.100882145258
1409032,472.100194205842
1409033,234.738745605959
1409034,87.8687082235248
1409035,318.657254851078
1409036,
1409041,118.732274802375
1409042,450.131647250312
1409043,223.143360976669
1409044,72.2598802255058
1409045,375.152423879348
1409046,
1409051,168.798990410438
1409052,486.120366811752
1409053,207.795889822214
1409054,100.039080697173
1409055,414.188447957927
1409056,
1409061,165.47761720592
1409062,631.796059601553
1409063,250.55328368274
1409064,81.5506858317984
1409065,379.478163301917
1409066,
1409071,48.9648440975496
1409072,611.729474874284
1409073,268.503120177705
1409074,121.70644713533
1409075,305.32143010071
1409076,
1409081,177.361261107402
1409082,362.94350360382
1409083,181.481306520206
1409084,76.831488372097
1409085,235.073802916373
1409086,
1409091,128.017374563252
1409092,417.309647321288
1409093,194.812556589498
1409094,44.9555309113161
1409095,293.590296834253
1409096,
1409101,173.546299647139
1409102,400.83119972293
1409103,166.415961416606
1409104,
1409105,300.968840698784
1409106,
1409111,165.169051552497
1409112,438.949019339398
1409113,160.69566581164
1409114,85.1686827007037
1409115,279.576229303086
1409116,
1409121,130.3659563908
1409122,394.097063724273
1409123,163.496291050293
1409124,86.8549239870084
1409125,308.339123895824
1409126,
1409131,152.497010928097
1409132,579.441847231862
1409133,202.680233069363
1409134,95.0356469783593
1409135,368.08036123658
1409136,
1409141,60.5960658536456
1409142,567.700325745729
1409143,225.776419048427
1409144,61.6496610362342
1409145,308.18471248164
1409146,
1409151,154.556691403417
1409152,329.771125793257
1409153,168.5821507078
1409154,65.4469957924061
1409155,246.361952258277
1409156,
1409161,106.657464651771
1409162,398.175977428321
1409163,158.588637787684
1409164,89.2613596631694
1409165,260.556443386613
1409166,
1409171,140.230426469916
1409172,397.847841818431
1409173,141.710275930971
1409174,42.4632525722224
1409175,328.670868886296
1409176,
1409181,168.767383241785
1409182,397.178925069403
1409183,153.185621725663
1409184,66.1599462279164
1409185,310.703033895321
1409186,
1409191,140.144453118865
1409192,402.244894589535
1409193,181.192284839408
1409194,67.7692374014595
1409195,332.883133774602
1409196,
1409201,197.959086294477
1409202,569.825965185954
1409203,238.229987099986
1409204,92.9711766878255
1409205,373.742122406735
1409206,
1409211,80.5859142164798
1409212,602.711358590014
1409213,252.012812670797
1409214,137.727348019177
1409215,402.989935831425
1409216,
1409221,134.865103794751
1409222,381.105485691034
1409223,154.947972943461
1409224,
1409225,270.105696755365
1409226,
1409231,140.774695330895
1409232,395.311723669985
1409233,159.108501716463
1409234,59.5734018328688
1409235,276.659712997343
1409236,
1409241,108.711123767423
1409242,366.573708065858
1409243,152.306301086813
1409244,61.6804845934115
1409245,271.173455994606
1409246,
1409251,108.067086651751
1409252,354.840744536323
1409253,143.336816393684
1409254,43.0705910015315
1409255,298.012563106301
1409256,
1409261,117.377429960871
1409262,379.344936641425
1409263,144.769725122993
1409264,64.1347190059562
1409265,350.315063045348
1409266,
1409271,139.171163845637
1409272,474.89364807078
1409273,210.20969581799
1409274,78.5482535287746
1409275,291.624712216349
1409276,
1409281,60.4829614839036
1409282,531.938294754594
1409283,188.273053603534
1409284,97.3262195437161
1409285,259.829447609604
1409286,
1409291,146.640779180328
1409292,383.189548824255
1409293,159.611110099364
1409294,56.6829857088611
1409295,299.916302228623
1409296,
1409301,125.317010604255
1409302,419.295409384144
1409303,171.708864102195
1409304,83.5718858944338
1409305,297.20876579818
1409306,
1410011,159.473253138624
1410012,416.001423907184
1410013,150.620021574618
1410014,73.4335227011685
1410015,290.758945021528
1410016,
1410021,183.411275500045
1410022,441.737318758307
1410023,164.42041516337
1410024,121.311910293281
1410025,330.469152570208
1410026,
1410031,62.591191559266
1410032,707.739671966281
1410033,269.827117830639
1410034,139.076621627262
1410035,392.78227452548
1410036,
1410041,194.365187583031
1410042,677.822064186239
1410043,281.757971200957
1410044,107.332625116256
1410045,415.416761967546
1410046,
1410051,82.1342445154272
1410052,773.738416673644
1410053,233.405843203076
1410054,153.449384381621
1410055,278.213851451937
1410056,
1410061,178.335670094664
1410062,469.08880026482
1410063,228.639701182843
1410064,121.029174320845
1410065,292.144384912168
1410066,
1410071,141.858863346968
1410072,484.578575879817
1410073,220.541484826612
1410074,98.6406413025411
1410075,286.042301895173
1410076,
1410081,134.873921318631
1410082,470.174747308647
1410083,265.681560003117
1410084,93.0857225354518
1410085,297.885541145047
1410086,
1410091,134.324856819578
1410092,487.357429909293
1410093,221.056406388694
1410094,109.984020692928
1410095,308.549141791089
1410096,
1410101,132.317020180874
1410102,472.068957327064
1410103,240.813212235927
1410104,
1410105,350.091305190491
1410106,
1410111,181.071063711796
1410112,570.933322929603
1410113,268.913132488207
1410114,115.088270399923
1410115,413.469929038277
1410116,
1410121,97.9850226394533
1410122,599.265107232525
1410123,285.661904186498
1410124,169.310379668465
1410125,347.908417458128
1410126,
1410131,129.878383258938
1410132,451.010836320036
1410133,199.088646650562
1410134,95.5543324237472
1410135,290.088719702625
1410136,
1410141,175.011253800233
1410142,448.670332736577
1410143,238.238016495687
1410144,94.2003510325564
1410145,311.629970945777
1410146,
1410151,206.8382090708
1410152,512.13078238518
1410153,218.845884805721
1410154,86.8965837803107
1410155,316.987211749477
1410156,
1410161,147.570549356915
1410162,442.369110603724
1410163,208.715269211929
1410164,88.3273776763051
1410165,267.647733878274
1410166,
1410171,144.357853437456
1410172,466.802718980504
1410173,192.376184914232
1410174,66.2492456777236
1410175,297.577155669568
1410176,
1410181,158.152130377889
1410182,704.513358167715
1410183,287.15749879149
1410184,88.9035251767277
1410185,332.713956919627
1410186,
1410191,58.8534096103563
1410192,641.165146886643
1410193,234.530195285563
1410194,113.131097897476
1410195,322.71968105362
1410196,
1410201,158.382558902343
1410202,384.841833056267
1410203,175.081904091899
1410204,71.677546297344
1410205,297.640509637545
1410206,
1410211,125.363981222897
1410212,407.362339131089
1410213,184.643705972007
1410214,60.7824435466895
1410215,291.70454422956
1410216,
1410221,127.765051280508
1410222,418.311469787191
1410223,165.295512198228
1410224,84.0627079906616
1410225,285.171826857881
1410226,
1410231,144.21773201944
1410232,445.284138246298
1410233,153.061273429423
1410234,84.836446255569
1410235,283.177784823415
1410236,
1410241,203.173639154115
1410242,452.520410554465
1410243,187.233285079945
1410244,55.0725703609042
1410245,318.982030891719
1410246,23.0977466534648
1410251,191.425316581712
1410252,546.509665264924
1410253,247.12995265692
1410254,103.274974415436
1410255,307.448143380371
1410256,
1410261,116.487886781866
1410262,623.565486683245
1410263,312.55596224519
1410264,161.676201511044
1410265,370.536705154412
1410266,47.8283214526103
1410271,121.416970836256
1410272,408.229594124628
1410273,173.883975463993
1410274,99.2634442963349
1410275,310.262575184375
1410276,38.0965377883095
1410281,136.094268676769
1410282,467.694413731179
1410283,271.450402165107
1410284,81.6837671880442
1410285,307.173402745835
1410286,39.358650683243
1410291,103.569554336818
1410292,411.213305357583
1410293,209.32399744082
1410294,55.9060009520091
1410295,300.108640695685
1410296,
1410301,122.18216764664
1410302,451.617664945835
1410303,205.584371204915
1410304,75.6116667723772
1410305,312.493530897156
1410306,35.9657088065008
1410311,132.486279254048
1410312,404.579872169049
1410313,278.575310838118
1410314,52.9074695440103
1410315,303.662931280765
1410316,
1411011,142.507059241702
1411012,501.127170965679
1411013,266.527079383546
1411014,79.5177877444727
1411015,355.95764486704
1411016,44.1953036347997
1411021,99.288586999622
1411022,643.077472226689
1411023,273.830726677708
1411024,148.665068032433
1411025,304.404961254638
1411026,54.444257086228
1411031,137.822879577546
1411032,385.893487521255
1411033,152.462083619029
1411034,52.609826768818
1411035,318.359097251893
1411036,38.5545767035567
1411041,103.123747563607
1411042,341.433323177735
1411043,154.085370382359
1411044,56.3444577705587
1411045,311.112916993953
1411046,23.9427538550048
1411051,113.078967477055
1411052,325.21061769105
1411053,159.090625700351
1411054,79.5612659468646
1411055,293.386428880751
1411056,51.4135955980293
1411061,138.399464430445
1411062,367.7203968189
1411063,146.243073140116
1411064,61.5654831293085
1411065,302.471760829603
1411066,44.904409068341
1411071,125.3258349714
1411072,352.071739490799
1411073,147.571392484558
1411074,63.3356111115402
1411075,331.374093763533
1411076,58.3979457835337
1411081,165.663474985222
1411082,521.988816053164
1411083,228.618970821628
1411084,67.0208643146814
1411085,300.671884481524
1411086,25.30769024498
1411091,118.446930009839
1411092,686.670651764737
1411093,299.926171597523
1411094,140.81601620882
1411095,376.124018092964
1411096,60.7173201489965
1411101,132.450933802593
1411102,316.334010323171
1411103,135.031553992339
1411104,71.5877599076694
1411105,260.94958385302
1411106,26.7954419057105
1411111,122.885078853966
1411112,297.976942376189
1411113,120.901976854138
1411114,69.4491859213357
1411115,274.567367361137
1411116,66.2692316252081
1411121,95.3481999188746
1411122,341.294225591248
1411123,118.807593053289
1411124,55.9875188664014
1411125,271.038875100822
1411126,60.3046304170933
1411131,143.750350209673
1411132,313.889092710271
1411133,141.896558357674
1411134,72.5288404761461
1411135,300.536047097898
1411136,63.2351828959052
1411141,133.77429991274
1411142,333.817583254463
1411143,120.276344081256
1411144,69.9956456436556
1411145,270.170738666878
1411146,59.0315464290955
1411151,157.956829595601
1411152,422.089000189331
1411153,167.04077705486
1411154,68.7913641000038
1411155,272.111564708918
1411156,41.7599504315043
1411161,69.2794517983636
1411162,657.334905297112
1411163,201.424733292503
1411164,84.7844611971686
1411165,302.56395917644
1411166,74.0088295785316
1411171,138.752246637463
1411172,332.904975201731
1411173,142.187975485762
1411174,101.570428265055
1411175,291.791673557402
1411176,
1411181,134.68843263499
1411182,263.379736825833
1411183,153.386557030339
1411184,55.795195679035
1411185,217.233982595645
1411186,19.7783554460711
1411191,131.262024072649
1411192,289.909258530776
1411193,116.091362635133
1411194,
1411195,218.316894752112
1411196,29.2620026644154
1411201,131.314789763352
1411202,281.963424468143
1411203,122.334994595738
1411204,53.0426254821259
1411205,247.239241255711
1411206,56.2274579096792
1411211,142.895603194534
1411212,319.57590091164
1411213,154.17927135207
1411214,60.7169885432116
1411215,274.884916134966
1411216,88.9610411986744
1411221,92.6616360079896
1411222,453.568987542716
1411223,185.123069490112
1411224,54.6530484698612
1411225,268.133001971901
1411226,35.0737287217727
1411231,88.8532704507342
1411232,669.96766227908
1411233,260.295502050464
1411234,155.339006239265
1411235,339.335191808283
1411236,52.3718362768318
1411241,135.495058395216
1411242,308.910885833847
1411243,144.604223952278
1411244,61.4807696110531
1411245,253.979105531988
1411246,40.7631123393519
1411251,125.776456029191
1411252,296.604331640713
1411253,162.109721535091
1411254,68.322231294165
1411255,247.035921813103
1411256,62.0455462711679
1411261,98.5421347532514
1411262,289.631522698695
1411263,136.466308797577
1411264,85.6876758075335
1411265,262.253249103266
1411266,66.3334945304324
1411271,114.36674051771
1411272,295.530738816532
1411273,133.929603775867
1411274,76.7515840608809
1411275,240.231661734869
1411276,63.8333927968917
1411281,125.770265298128
1411282,304.300653670483
1411283,136.272146510191
1411284,81.8689054559593
1411285,247.752074639689
1411286,87.7747366712683
1411291,143.276224653699
1411292,409.329550481107
1411293,180.203086819412
1411294,72.0348065153357
1411295,302.043216833243
1411296,96.2641065476009
1411301,70.5238191319592
1411302,663.600383039894
1411303,209.357217817955
1411304,141.988989801749
1411305,363.220371450019
1411306,73.7361861778039
1412011,128.454115308343
1412012,270.594408452574
1412013,119.427926175146
1412014,76.6177603369995
1412015,256.608163788753
1412016,69.3729485294007
1412021,154.242632883405
1412022,275.978325664349
1412023,114.344792372048
1412024,59.393866963155
1412025,265.933688534948
1412026,83.8656432583178
1412031,133.99080245511
1412032,263.707717313025
1412033,107.966860484541
1412034,80.1027639864662
1412035,246.937134202885
1412036,77.7390714956598
1412041,124.167763102648
1412042,277.730660490861
1412043,118.980588328359
1412044,69.3476196125306
1412045,251.03575101957
1412046,67.7872034072278
1412051,83.5104305885102
1412052,251.296113439956
1412053,102.714262360814
1412054,
1412055,249.466067004435
1412056,86.1390388088521
1412061,127.894073901772
1412062,425.235714224439
1412063,137.072212637344
1412064,59.2833325563655
1412065,291.61851167121
1412066,172.865984852132
1412071,75.5129227390682
1412072,579.742464536357
1412073,176.398838359498
1412074,133.440216757033
1412075,276.651944705429
1412076,81.806920744225
1412081,102.678761832615
1412082,256.596029206385
1412083,85.1221580572805
1412084,40.9779581868443
1412085,235.384838232977
1412086,67.1101512202498
1412091,110.476546068652
1412092,264.881624734699
1412093,110.188826181187
1412094,71.1545600771389
1412095,272.828962614376
1412096,72.9658764560199
1412101,99.9187171842705
1412102,252.699007927617
1412103,95.9446077675599
1412104,85.9499222101757
1412105,269.416456604745
1412106,117.568348791125
1412111,109.754570057738
1412112,283.467086138155
1412113,86.8158104283075
1412114,53.6926089868534
1412115,232.671537573173
1412116,59.1710326829849
1412121,109.142671748118
1412122,236.144754325065
1412123,87.4546226090543
1412124,56.9193409036062
1412125,173.922125269844
1412126,50.5219587418013
1412131,124.956684401136
1412132,401.072721907004
1412133,141.532178681449
1412134,60.1931934071604
1412135,318.659955256217
1412136,84.1653777121234
1412141,102.80557310108
1412142,588.469539344584
1412143,199.263307540614
1412144,106.105028003448
1412145,310.473797597408
1412146,119.152733340066
1412151,96.3136936339829
1412152,243.234625513043
1412153,84.7009602246491
1412154,78.4292318376585
1412155,221.061393791211
1412156,82.8957232240362
1412161,97.7685842370004
1412162,280.87425993814
1412163,90.6244258825429
1412164,45.3937627400903
1412165,289.654771100684
1412166,78.9261429216086
1412171,102.856835442046
1412172,269.192321020123
1412173,92.8686371290321
1412174,63.2545637804788
1412175,278.732408832816
1412176,82.1046513283604
1412181,112.769700687238
1412182,303.352792801362
1412183,98.9204200179679
1412184,
1412185,271.097103833216
1412186,83.5148847689683
1412191,100.434605432296
1412192,307.884791280942
1412193,82.7764794714156
1412194,
1412195,242.849725209084
1412196,89.4640327456231
1412201,92.9765497836537
1412202,384.797857820002
1412203,136.332087094635
1412204,
1412205,178.07254058997
1412206,40.4652488409206
1412211,74.1776353738615
1412212,508.555021590987
1412213,154.631949040196
1412214,91.0345897314189
1412215,253.045516822484
1412216,38.6855509856721
1412221,166.062608421996
1412222,320.634871026775
1412223,121.78829220581
1412224,62.8453957199584
1412225,230.826153750681
1412226,148.202392082476
1412231,184.21718934313
1412232,408.003200633712
1412233,87.4855416799814
1412234,
1412235,224.558853830953
1412236,113.864501586991
1412241,289.724706873301
1412242,477.653662285463
1412243,100.716513467206
1412244,
1412245,268.806966002035
1412246,60.9934806252716
1412251,
1412252,
1412253,
1412254,
1412255,
1412256,
1412261,
1412262,
1412263,
1412264,
1412265,
1412266,
1412271,133.160219555693
1412272,513.661678925283
1412273,184.816622133556
1412274,78.5755131710058
1412275,286.92402318367
1412276,26.1583061455218
1412281,65.5011765409885
1412282,623.538032623429
1412283,165.516327951762
1412284,136.001447208449
1412285,226.105265011128
1412286,79.6840824625434
1412291,159.353174871792
1412292,458.033861425878
1412293,195.187828407006
1412294,
1412295,303.672763265607
1412296,
1412301,171.900364677079
1412302,581.740967169718
1412303,204.843887483445
1412304,
1412305,430.336976841889
1412306,42.2248053911652
1412311,253.25502096677
1412312,643.377780141136
1412313,162.622976706613
1412314,
1412315,1879.46183076734
1412316,
1501011,
1501012,
1501013,
1501014,
1501015,
1501016,
1501021,171.436480362582
1501022,512.177720196036
1501023,182.12300932264296
1501024,85.9359726763682
1501025,300.829805798494
1501026,31.6443089201977
1501031,146.725466464595
1501032,495.483686243828
1501033,170.963077720877
1501034,74.7193728789218
1501035,277.833431786885
1501036,27.3325687878665
1501041,69.2618750164446
1501042,652.43960117373
1501043,202.305946358765
1501044,131.61138792274
1501045,337.565571891077
1501046,31.5981129331306
1501051,159.498680849924
1501052,349.399884653548
1501053,161.989626362703
1501054,72.7394907523189
1501055,270.173731918039
1501056,18.4839927152663
1501061,116.621821467299
1501062,310.462558578491
1501063,125.356639510072
1501064,85.5846124596724
1501065,265.854860102674
1501066,40.2233116111995
1501071,116.046870294295
1501072,289.568739500106
1501073,115.662839057947
1501074,86.9275104588597
1501075,263.03524552906
1501076,
1501081,88.9219763738156
1501082,313.907584824392
1501083,91.4747039377377
1501084,70.3775374736991
1501085,230.866849428077
1501086,
1501091,89.5158553261206
1501092,314.26237720896
1501093,111.936085655585
1501094,71.4384074719189
1501095,240.167564518219
1501096,
1501101,67.954839483437
1501102,349.344531472799
1501103,122.265690196784
1501104,64.1638629091181
1501105,304.334671385998
1501106,
1501111,102.503556455298
1501112,551.204782732623
1501113,184.229098838524
1501114,122.970550791976
1501115,314.28252636958
1501116,
1501121,122.717043089708
1501122,254.720970873776
1501123,103.980091719935
1501124,58.3365912420298
1501125,183.019346130805
1501126,
1501131,86.441812930424
1501132,253.267146283048
1501133,98.2223034780195
1501134,68.9972825054419
1501135,248.091361140205
1501136,
1501141,72.7918398175921
1501142,229.38414618971
1501143,99.415923686111
1501144,70.4651659015092
1501145,235.49178387272
1501146,
1501151,93.7671799134285
1501152,251.148387388712
1501153,79.0898875141396
1501154,69.4440159990795
1501155,255.715603348889
1501156,
1501161,131.913950068001
1501162,314.442179091712
1501163,135.042115386384
1501164,78.3484660148403
1501165,294.576404705863
1501166,
1501171,115.086208812258
1501172,447.611692815639
1501173,144.697761867106
1501174,101.780919085691
1501175,382.824611402643
1501176,
1501181,47.8910511689248
1501182,615.895161452642
1501183,181.247790389923
1501184,204.693311193378
1501185,325.12197864382
1501186,
1501191,138.935449172918
1501192,287.12848916472
1501193,106.522532414392
1501194,63.0120526976263
1501195,243.750686660054
1501196,
1501201,116.932538278351
1501202,297.627496877784
1501203,115.880593765192
1501204,73.0375497476955
1501205,309.385357960923
1501206,
1501211,90.1034587863099
1501212,285.545986768458
1501213,115.517804650047
1501214,63.1553176365701
1501215,271.986313846711
1501216,
1501221,135.950512983467
1501222,265.194435459988
1501223,113.37969263442
1501224,61.8038023909784
1501225,299.101267021608
1501226,
1501231,130.976061288992
1501232,279.183609587953
1501233,99.976780581078
1501234,68.559045168997
1501235,275.460914012407
1501236,
1501241,140.03186322028
1501242,415.166425975778
1501243,133.804409424965
1501244,54.0561105891749
1501245,376.785950449622
1501246,
1501251,94.493388512183
1501252,555.586060097281
1501253,182.842935108665
1501254,176.90180258166
1501255,432.111683660143
1501256,
1501261,150.51678717379
1501262,285.783235454514
1501263,94.8677658759417
1501264,62.7936586310808
1501265,214.316488368471
1501266,
1501271,141.518792699705
1501272,286.802025247007
1501273,127.229895506694
1501274,78.6674035279493
1501275,259.895021701426
1501276,
1501281,124.273404481234
1501282,318.608712118946
1501283,119.389750342982
1501284,54.1152141456079
1501285,290.420362377553
1501286,
1501291,129.932530553471
1501292,276.548941252601
1501293,130.868669740543
1501294,66.4012476272315
1501295,298.873227773722
1501296,
1501301,100.75421525386
1501302,315.018937970584
1501303,159.093345754654
1501304,67.652941573495
1501305,301.211380864112
1501306,
1501311,129.039421255357
1501312,433.183884520481
1501313,168.031157476338
1501314,66.4961056765624
1501315,442.294446547651
1501316,
1502011,92.189837282486
1502012,633.309542257817
1502013,187.804159224486
1502014,214.869292194541
1502015,388.585353237256
1502016,
1502021,159.254353701805
1502022,338.327210161774
1502023,117.759219302661
1502024,123.697766488052
1502025,317.407641410708
1502026,
1502031,112.095171542871
1502032,258.959088520931
1502033,117.984827108186
1502034,104.342988837394
1502035,289.847839834235
1502036,
1502041,111.66941350432
1502042,255.937860472559
1502043,92.2056862044036
1502044,127.095636994155
1502045,294.315633387072
1502046,
1502051,133.827962608871
1502052,277.511618112389
1502053,78.9008139226001
1502054,106.882617972076
1502055,297.882645346675
1502056,
1502061,136.337106368056
1502062,312.249043728816
1502063,115.704976585312
1502064,219.523814146721
1502065,385.500566451671
1502066,
1502071,130.642229801113
1502072,381.572014473511
1502073,140.836707362583
1502074,136.049442310194
1502075,349.157579410765
1502076,
1502081,62.750062992056
1502082,531.337730533032
1502083,178.816699756959
1502084,256.535701898324
1502085,470.166189255824
1502086,
1502091,112.747460478504
1502092,281.177822022831
1502093,79.404680687591
1502094,121.963218496309
1502095,258.736139221055
1502096,
1502101,94.7581535487495
1502102,266.498461599989
1502103,103.738973554113
1502104,124.082529993763
1502105,259.000724136407
1502106,
1502111,94.7022920091949
1502112,283.832157618276
1502113,99.6609741429996
1502114,133.991008009117
1502115,275.502444506022
1502116,
1502121,99.5801689919554
1502122,245.235034353123
1502123,80.5417984183017
1502124,105.109162581464
1502125,259.722071852511
1502126,
1502131,91.3547288868634
1502132,250.608335314639
1502133,106.163072731659
1502134,164.114000189702
1502135,315.198418349884
1502136,
1502141,62.2346006049711
1502142,417.742376983156
1502143,143.371302913962
1502144,190.148450615832
1502145,394.074973494992
1502146,
1502151,96.7929953706798
1502152,481.860668097093
1502153,173.243830006668
1502154,197.39238538863
1502155,360.747312180387
1502156,
1502161,118.255475071685
1502162,286.888417666815
1502163,126.326268412728
1502164,97.6035128733651
1502165,285.836214390694
1502166,
1502171,118.509639861913
1502172,262.907455009083
1502173,113.350935013155
1502174,136.83107870616
1502175,305.542955060461
1502176,
1502181,123.267817249283
1502182,248.327220948223
1502183,81.7131255419403
1502184,98.7240235777811
1502185,276.652206222818
1502186,
1502191,123.69090336092
1502192,284.788201346631
1502193,96.8477619511367
1502194,144.886196208494
1502195,321.730863755787
1502196,
1502201,117.287703917599
1502202,313.931874526489
1502203,106.086454562447
1502204,138.979259617537
1502205,265.719910475798
1502206,
1502211,107.174143505865
1502212,389.388938515412
1502213,124.81765406962
1502214,111.305294286303
1502215,276.812334391166
1502216,
1502221,70.4631468349699
1502222,560.280256054484
1502223,189.394297054986
1502224,329.636553747233
1502225,465.661982102677
1502226,
1502231,66.8925102653853
1502232,222.509783508774
1502233,94.7593504073171
1502234,65.2802336107391
1502235,209.048085196786
1502236,
1502241,105.730056008902
1502242,243.882700841609
1502243,81.9621637813295
1502244,85.4723306797636
1502245,235.546367715921
1502246,
1502251,81.6177684403834
1502252,247.265053559437
1502253,104.962981551613
1502254,66.5001800170103
1502255,248.748539126529
1502256,
1502261,104.017958777385
1502262,245.520846652551
1502263,61.8286141075604
1502264,53.8573258596081
1502265,203.846174479151
1502266,
1502271,101.514216092369
1502272,268.705012903315
1502273,107.787737695716
1502274,90.6234358309477
1502275,212.664119358187
1502276,
1502281,99.5688944630867
1502282,343.067931178869
1502283,131.146672361349
1502284,66.7494991172986
1502285,298.020877734513
1502286,
1503011,45.7343245346269
1503012,435.076835491745
1503013,174.178021471163
1503014,115.774341903804
1503015,288.61976876178
1503016,
1503021,104.963808490064
1503022,254.485164508834
1503023,82.7182341803118
1503024,71.9084682586098
1503025,186.087523297592
1503026,
1503031,96.3163361056603
1503032,270.361598110118
1503033,77.4418733695842
1503034,46.549832303522
1503035,233.360645977411
1503036,
1503041,76.5028628068188
1503042,246.332586657334
1503043,102.301053538414
1503044,65.1707860093035
1503045,227.526630558065
1503046,
1503051,115.664704258596
1503052,275.116919242864
1503053,117.287155134629
1503054,65.2095428993818
1503055,205.059139995828
1503056,
1503061,100.668607215573
1503062,297.136244722274
1503063,121.559740836917
1503064,68.8019764229724
1503065,238.613238236779
1503066,
1503071,106.704697425172
1503072,371.471472262365
1503073,116.290165013612
1503074,104.606853245048
1503075,262.806831079145
1503076,
1503081,80.654299664346
1503082,554.721366656377
1503083,177.593434050659
1503084,205.57099280524
1503085,341.796143879394
1503086,
1503091,145.517595242024
1503092,280.114708230479
1503093,80.1311749505893
1503094,41.7256099434086
1503095,261.326829122549
1503096,
1503101,120.053548888447
1503102,279.649961183193
1503103,130.325454800002
1503104,81.469301222971
1503105,232.538394821195
1503106,
1503111,77.5925278766144
1503112,274.719950167954
1503113,102.068111666797
1503114,56.4990825988405
1503115,223.970103711564
1503116,
1503121,123.321210172569
1503122,271.057968620896
1503123,94.0642345732726
1503124,84.3321888197467
1503125,210.491995601659
1503126,
1503131,104.09727840711
1503132,263.861714656075
1503133,100.192312221242
1503134,101.349615757381
1503135,237.234063735022
1503136,
1503141,98.2811856068814
1503142,360.715430654047
1503143,137.39060848102
1503144,74.0860398307729
1503145,234.545964942322
1503146,
1503151,56.9672232806217
1503152,461.035577320529
1503153,119.54516706624
1503154,130.549602673201
1503155,278.612403986462
1503156,
1503161,136.698666060069
1503162,269.022901877525
1503163,104.061780753424
1503164,82.2767663365038
1503165,252.212892372443
1503166,
1503171,136.644449549369
1503172,296.541237199908
1503173,97.6460875999715
1503174,77.8012596345233
1503175,300.476490762008
1503176,
1503181,117.213496435657
1503182,292.981913276133
1503183,108.643986899682
1503184,88.7176395035293
1503185,319.376884998689
1503186,
1503191,121.351949525045
1503192,267.179427626967
1503193,76.0556430358186
1503194,82.9965111073564
1503195,271.632339767702
1503196,
1503201,125.078492851656
1503202,299.760479051294
1503203,94.5632337202022
1503204,88.6535909538115
1503205,339.055856444566
1503206,
1503211,113.449213775737
1503212,383.085780794877
1503213,128.118006311446
1503214,52.639809323213
1503215,330.021049430432
1503216,
1503221,71.5711481513957
1503222,489.59934551007
1503223,124.288818099514
1503224,131.605920044064
1503225,379.021922086074
1503226,
1503231,129.186723027161
1503232,292.836479169109
1503233,97.7709681259075
1503234,57.7729211412768
1503235,268.604981873421
1503236,
1503241,114.539801718388
1503242,297.037588138176
1503243,86.518746534295
1503244,56.0889149961493
1503245,285.301446768427
1503246,
1503251,85.7675699240561
1503252,335.007901867692
1503253,100.897840106466
1503254,75.4697183642942
1503255,313.737446087374
1503256,
1503261,126.909561618178
1503262,303.655812393538
1503263,93.3229257148621
1503264,94.1972531849185
1503265,266.972587002293
1503266,
1503271,113.205121341153
1503272,320.938056470297
1503273,117.875796154693
1503274,81.3657470530275
1503275,293.189582126283
1503276,
1503281,177.270608855771
1503282,428.350102346051
1503283,145.979562367808
1503284,120.729232683492
1503285,394.782309943371
1503286,
1503291,56.8890738313162
1503292,489.846609636217
1503293,140.02511297781
1503294,108.584974000503
1503295,307.880143820129
1503296,
1503301,110.288515770675
1503302,351.715484397675
1503303,101.685038768879
1503304,93.8107940183229
1503305,260.7747623843
1503306,
1503311,101.620422865145
1503312,339.71388362822
1503313,79.3577018316481
1503314,95.5346688510535
1503315,249.169849496114
1503316,
1504011,134.425214341545
1504012,373.724177525822
1504013,151.109608356409
1504014,69.7873283360318
1504015,319.186205355817
1504016,
1504021,269.424940927989
1504022,525.476422474447
1504023,183.215551302075
1504024,44.0544861327719
1504025,406.353937532213
1504026,
1504031,
1504032,
1504033,
1504034,
1504035,
1504036,
1504041,274.149943740529
1504042,624.731396612574
1504043,262.841739078878
1504044,
1504045,495.482512843952
1504046,
1504051,102.981646842744
1504052,713.240728417569
1504053,243.89821522098
1504054,101.154372513509
1504055,311.448562590211
1504056,
1504061,60.1445223461642
1504062,728.862922564967
1504063,232.926035642952
1504064,115.850549632261
1504065,293.886267424832
1504066,
1504071,115.651138885906
1504072,402.937213841427
1504073,139.741645956969
1504074,99.9708304210839
1504075,242.488202056041
1504076,
1504081,89.8685552544395
1504082,372.219387571259
1504083,134.171856017115
1504084,89.4854107533566
1504085,240.166760042682
1504086,
1504091,157.556996562067
1504092,368.140023251964
1504093,144.665453378248
1504094,71.4997218186786
1504095,271.062138387226
1504096,
1504101,125.640782296666
1504102,449.200853104077
1504103,176.191631914365
1504104,69.6213343156897
1504105,273.777005049353
1504106,
1504111,149.471145855324
1504112,435.937997165239
1504113,241.954245467709
1504114,75.5562497228574
1504115,279.734031972369
1504116,
1504121,39.0548694183738
1504122,423.167305958991
1504123,148.003916028181
1504124,170.691265230574
1504125,256.220102827754
1504126,
1504131,94.5357769724487
1504132,286.808655322632
1504133,115.775782324593
1504134,85.5491123404555
1504135,228.441056194565
1504136,
1504141,95.7358790995654
1504142,297.478196061337
1504143,114.709486133908
1504144,68.5181832029906
1504145,241.794663278364
1504146,
1504151,102.93265639072
1504152,284.427934541009
1504153,77.9760319762046
1504154,82.5619143946999
1504155,267.331795587064
1504156,
1504161,90.5282058330727
1504162,286.72764708972
1504163,80.6127984834301
1504164,64.3768783832988
1504165,249.985817848774
1504166,
1504171,91.0744308710578
1504172,314.997367966203
1504173,95.874962983171
1504174,85.0439789074107
1504175,269.643570233699
1504176,
1504181,103.305896790347
1504182,372.985639347608
1504183,147.280675283552
1504184,105.620424871498
1504185,273.308983958271
1504186,
1504191,25.46219373912
1504192,419.373474076238
1504193,157.80717948852
1504194,119.444010656665
1504195,248.936886432743
1504196,
1504201,113.238537617252
1504202,291.610305100325
1504203,91.0940508208695
1504204,78.2371204197756
1504205,216.398739415418
1504206,
1504211,121.935695795117
1504212,262.312297451446
1504213,102.899554988628
1504214,75.6785562086606
1504215,236.929910073307
1504216,
1504221,115.982784302446
1504222,281.264299329947
1504223,95.2336165638254
1504224,76.9287622186942
1504225,203.609195254356
1504226,
1504231,109.647753246652
1504232,316.964561244097
1504233,106.231696176478
1504234,58.6866015325717
1504235,232.875408477088
1504236,
1504241,93.8539762667653
1504242,311.721136965455
1504243,102.172051099545
1504244,72.944912850319
1504245,212.742403753359
1504246,
1504251,121.601177999412
1504252,450.922945775814
1504253,129.196066694569
1504254,86.653507954899
1504255,247.902280079392
1504256,
1504261,71.0071270593663
1504262,399.820571217996
1504263,112.950650114719
1504264,112.831158583878
1504265,252.667352565897
1504266,
1504271,151.174833546803
1504272,291.752346251679
1504273,114.70001375553
1504274,83.4751795147854
1504275,197.564743508792
1504276,
1504281,91.0866799976838
1504282,279.639574876652
1504283,124.236952144972
1504284,
1504285,213.195052497114
1504286,
1504291,135.750739524874
1504292,335.699732620073
1504293,129.552575416168
1504294,69.6885795663438
1504295,250.927665410019
1504296,
1504301,185.547465909923
1504302,382.494805997457
1504303,116.009163395934
1504304,78.2474106946107
1504305,303.34662044021
1504306,
1505011,
1505012,
1505013,
1505014,
1505015,
1505016,
1505021,205.277811156554
1505022,569.854066374337
1505023,216.662099390377
1505024,168.464543906289
1505025,390.245200658863
1505026,
1505031,49.1824014028742
1505032,467.833386599369
1505033,154.503619536054
1505034,132.20896007182
1505035,273.752958375164
1505036,
1505041,141.916859730021
1505042,340.579351605995
1505043,98.8957608807515
1505044,108.931500577338
1505045,197.208560688196
1505046,
1505051,98.3386635883964
1505052,295.928590213682
1505053,81.0951589620809
1505054,69.2603251298698
1505055,198.684243279816
1505056,
1505061,112.613312971486
1505062,326.950819224427
1505063,101.849963136114
1505064,65.0766452616253
1505065,225.053574357765
1505066,
1505071,119.486322756166
1505072,309.311901434242
1505073,91.9617294778322
1505074,60.8102412913987
1505075,211.802247435479
1505076,
1505081,108.528740811492
1505082,326.333702093022
1505083,108.544660936963
1505084,57.1956734130954
1505085,265.721536983155
1505086,
1505091,122.939690460506
1505092,406.907398954341
1505093,170.599905877058
1505094,78.2411421697545
1505095,278.323409928638
1505096,
1505101,54.676729153515
1505102,492.010489698116
1505103,161.944454769077
1505104,168.202423789623
1505105,319.454496491185
1505106,
1505111,129.877961813861
1505112,336.127629680071
1505113,102.844671644941
1505114,61.3151869370572
1505115,205.667346687899
1505116,
1505121,94.6018729487518
1505122,327.092157926255
1505123,96.1947537258803
1505124,81.3705529527208
1505125,259.94167495408
1505126,
1505131,166.814781762185
1505132,397.982340133214
1505133,178.860014594185
1505134,80.6915439319555
1505135,246.372623277805
1505136,
1505141,53.434236162362
1505142,490.915769119788
1505143,164.032004782974
1505144,143.618292078555
1505145,309.927036397582
1505146,
1505151,147.271258346731
1505152,513.805644101383
1505153,190.846157649949
1505154,80.0250209033444
1505155,292.967837715476
1505156,
1505161,164.984948024753
1505162,555.445636645735
1505163,223.041083514403
1505164,110.846941963139
1505165,329.998465824508
1505166,
1505171,63.05558764595
1505172,562.648232082731
1505173,174.978926934013
1505174,171.465540571901
1505175,293.275532226017
1505176,
1505181,103.802316848696
1505182,328.913429566134
1505183,123.539420521468
1505184,77.7209650240063
1505185,225.832737314778
1505186,
1505191,142.786482873821
1505192,351.146415331786
1505193,105.471840044604
1505194,60.9239625788419
1505195,282.589418894077
1505196,
1505201,92.0360687468511
1505202,356.207676664304
1505203,101.255561525615
1505204,39.6292101082508
1505205,219.800270156995
1505206,
1505211,147.957523681187
1505212,348.534145245022
1505213,124.516554568504
1505214,72.2913067539047
1505215,281.519362391549
1505216,
1505221,146.094397822298
1505222,374.702368065499
1505223,146.521590810863
1505224,72.6752390870334
1505225,263.214787734799
1505226,
1505231,212.693141838497
1505232,506.664209994684
1505233,234.957626970933
1505234,
1505235,336.087101364585
1505236,
1505241,125.559999732516
1505242,602.379870231082
1505243,238.55018095415
1505244,160.036018067072
1505245,301.519589889275
1505246,
1505251,93.8478895546048
1505252,621.867778874006
1505253,247.362274318026
1505254,102.105379903525
1505255,388.133249077524
1505256,
1505261,126.885645229909
1505262,381.669744982195
1505263,143.902124921962
1505264,33.907482932934
1505265,220.472002758105
1505266,
1505271,102.221242794941
1505272,358.895155316917
1505273,119.585121426913
1505274,59.5507929294823
1505275,210.016061677086
1505276,
1505281,113.871596753032
1505282,340.514414991475
1505283,141.838393882903
1505284,
1505285,267.45399550279
1505286,
1505291,132.425641438842
1505292,365.087905303626
1505293,131.050800847681
1505294,61.0068815520603
1505295,250.764288305739
1505296,
1505301,120.295569303579
1505302,456.734340691111
1505303,177.88318176972
1505304,68.8696177994846
1505305,278.950388727743
1505306,
1505311,53.2747806032447
1505312,457.52825918325
1505313,167.824076578166
1505314,111.389483740734
1505315,227.62624446804
1505316,
1506011,131.799875274321
1506012,335.912287877592
1506013,116.16860416703
1506014,77.1155538824316
1506015,275.002697730945
1506016,
1506021,96.0309134237217
1506022,412.209593794446
1506023,132.861613332833
1506024,57.1617006882767
1506025,247.548656142778
1506026,
1506031,92.2734256379415
1506032,350.831237309121
1506033,118.973513836699
1506034,
1506035,257.703580420418
1506036,
1506041,157.745638949818
1506042,366.195368742098
1506043,147.299840903324
1506044,73.4353393085373
1506045,250.238837010149
1506046,
1506051,90.8260563665041
1506052,418.393781746112
1506053,163.498578067888
1506054,70.9256465264533
1506055,275.492979753843
1506056,
1506061,160.016912242355
1506062,553.131050767354
1506063,251.617849812226
1506064,38.2539728445697
1506065,279.003577524238
1506066,
1506071,81.0228908423745
1506072,527.885017948989
1506073,175.770248988223
1506074,95.8647639075632
1506075,377.303279079248
1506076,
1506081,118.620010509136
1506082,344.695569756106
1506083,151.080049836377
1506084,86.6465529107892
1506085,304.658991750827
1506086,
1506091,103.751614199022
1506092,315.123749367531
1506093,140.029285146903
1506094,66.3940872308056
1506095,264.199647754648
1506096,
1506101,109.672600519434
1506102,338.309487845224
1506103,108.416922856521
1506104,49.6396291126612
1506105,245.462484326112
1506106,
1506111,82.2394493227455
1506112,357.852893336956
1506113,121.550989282568
1506114,49.4898173390129
1506115,223.06624282412
1506116,
1506121,110.933345275547
1506122,349.536158182539
1506123,142.809454024055
1506124,58.3419957356269
1506125,278.611793604903
1506126,
1506131,149.304738265576
1506132,559.888089847911
1506133,242.025878557973
1506134,55.5502705629424
1506135,238.309203727899
1506136,
1506141,54.200791257504
1506142,486.138237737853
1506143,191.003479398523
1506144,94.7426227820596
1506145,308.096883557457
1506146,
1506151,142.542446445232
1506152,350.589558421955
1506153,146.513955766517
1506154,93.9081036308009
1506155,289.287204370205
1506156,
1506161,79.09829297271379
1506162,349.888222729503
1506163,115.199444682387
1506164,54.8703592495813
1506165,249.827665172029
1506166,
1506171,97.5436336746583
1506172,380.305703300813
1506173,138.272896315851
1506174,86.403424601373
1506175,260.357543159185
1506176,
1506181,140.824064614319
1506182,332.820567048363
1506183,132.829460804496
1506184,
1506185,269.272420702957
1506186,
1506191,119.985803432121
1506192,346.690336157535
1506193,149.93941661601
1506194,85.6920848289348
1506195,271.496146564196
1506196,
1506201,146.634813820399
1506202,571.278131371528
1506203,220.298734884554
1506204,
1506205,280.186941692026
1506206,
1506211,77.1354317914719
1506212,553.599170821681
1506213,206.347777642486
1506214,79.6238577111724
1506215,235.514638799317
1506216,
1506221,135.938737758693
1506222,412.309330067662
1506223,183.964615046141
1506224,95.7934490225752
1506225,254.862522218275
1506226,
1506231,122.481453982781
1506232,423.1358501964
1506233,172.407057152837
1506234,59.3399435978971
1506235,270.726957416684
1506236,
1506241,128.059192073461
1506242,479.943327331225
1506243,179.618053020787
1506244,136.751450668224
1506245,300.990362700812
1506246,
1506251,178.518522583761
1506252,484.513720535521
1506253,169.658267286
1506254,76.9256449556744
1506255,271.335895693763
1506256,
1506261,148.837350354137
1506262,517.667163948615
1506263,181.11146289077
1506264,133.675162322483
1506265,304.239937730854
1506266,
1506271,169.797038127635
1506272,708.700690129254
1506273,274.594255311076
1506274,51.4184892058944
1506275,428.433111120672
1506276,
1506281,77.928316055467
1506282,686.349904220686
1506283,248.020004494018
1506284,92.6062037819606
1506285,309.491842337963
1506286,
1506291,167.270204460311
1506292,455.623242772356
1506293,194.136671031459
1506294,60.5706678690791
1506295,304.800400892429
1506296,
1506301,148.605225316688
1506302,456.688693628606
1506303,208.082577987922
1506304,59.7582110810299
1506305,289.298377908159
1506306,
1507011,120.186667934639
1507012,430.397456895632
1507013,197.623339824018
1507014,42.5236610258434
1507015,216.683347382259
1507016,
1507021,146.638389294812
1507022,380.075233434005
1507023,197.917442499618
1507024,71.149958216457
1507025,207.500950654484
1507026,
1507031,144.951813259044
1507032,432.888287340422
1507033,160.204702317167
1507034,74.2683455483615
1507035,294.970876106508
1507036,
1507041,147.076833346115
1507042,667.545326269141
1507043,247.071452490507
1507044,41.0811107814817
1507045,315.830779238922
1507046,
1507051,42.8195772957965
1507052,571.220211930273
1507053,259.904234971271
1507054,80.5139509839903
1507055,308.145249811727
1507056,
1507061,152.361597385545
1507062,435.547290335414
1507063,180.976011570668
1507064,119.169151042856
1507065,252.941627806535
1507066,
1507071,84.0059287460532
1507072,424.75865459342
1507073,205.786503054919
1507074,43.289934535011
1507075,248.53982558714
1507076,
1507081,102.368510926785
1507082,406.197372488758
1507083,192.61324743982
1507084,104.939046568831
1507085,299.243550702973
1507086,
1507091,135.630723416396
1507092,400.061396607868
1507093,164.223975843097
1507094,54.2685877298114
1507095,281.697843843677
1507096,
1507101,124.786803993428
1507102,419.920725517909
1507103,175.415571182845
1507104,88.3126393798284
1507105,296.230038738281
1507106,
1507111,130.113145531335
1507112,579.775873809484
1507113,259.589585454307
1507114,55.7657711821206
1507115,278.282264047648
1507116,
1507121,88.6540564733359
1507122,638.240827319641
1507123,226.576988477566
1507124,107.211344510388
1507125,262.303945351064
1507126,
1507131,139.54366165469
1507132,484.644303422986
1507133,178.246604676721
1507134,99.8210032219416
1507135,260.211558815196
1507136,
1507141,130.501224284384
1507142,494.642623603643
1507143,241.122838912105
1507144,70.3072462225753
1507145,256.913088405191
1507146,
1507151,107.10110548093
1507152,517.878028741276
1507153,239.988521470692
1507154,77.1698083779948
1507155,305.043050526266
1507156,
1507161,137.546863233232
1507162,498.959441029325
1507163,221.649707015925
1507164,54.5100626424489
1507165,214.084788068538
1507166,
1507171,59.6756480447039
1507172,533.38199646267
1507173,230.878548082359
1507174,56.8413279185917
1507175,235.351081587218
1507176,
1507181,103.421875467186
1507182,677.199908361688
1507183,276.149969844093
1507184,55.3054194821743
1507185,274.337912432376
1507186,
1507191,72.7912616085759
1507192,713.948758860807
1507193,298.356080226216
1507194,78.8699766727403
1507195,366.640210113571
1507196,
1507201,112.088314087437
1507202,566.157537334118
1507203,212.208013890009
1507204,69.7667264646809
1507205,243.511157551047
1507206,
1507211,110.3163345983
1507212,556.009113808745
1507213,211.333116743005
1507214,84.9804801228085
1507215,300.049805092917
1507216,
1507221,142.22779347136
1507222,597.576041552763
1507223,254.371952847912
1507224,
1507225,268.939645752758
1507226,
1507231,203.264125340781
1507232,600.414019091748
1507233,247.826303732974
1507234,63.5138560687825
1507235,261.951424968471
1507236,
1507241,190.774205174228
1507242,578.637666776062
1507243,298.052943490147
1507244,36.344812080423
1507245,332.284651666931
1507246,
1507251,153.059769404023
1507252,672.206275477328
1507253,251.567269387341
1507254,63.9464915592845
1507255,254.280510145513
1507256,
1507261,128.285416683932
1507262,705.589263265344
1507263,282.734202808242
1507264,132.027901406403
1507265,372.811026662913
1507266,
1507271,133.375781082704
1507272,596.420841559454
1507273,254.815545241132
1507274,71.2222741062861
1507275,294.634099970476
1507276,
1507281,145.923878713879
1507282,597.787732789746
1507283,246.812365432227
1507284,61.0012081922165
1507285,343.727054343196
1507286,
1507291,158.819215783308
1507292,579.295922313804
1507293,249.35234686611
1507294,78.9879320465411
1507295,392.988955408933
1507296,
1507301,146.484382697433
1507302,565.527307888753
1507303,242.660499067924
1507304,47.0294957006938
1507305,320.141775558388
1507306,
1507311,161.092565120206
1507312,642.086323539373
1507313,283.048417124278
1507314,69.5510324443147
1507315,337.099137665563
1507316,
1508011,218.255357934206
1508012,713.621778934724
1508013,334.423781150557
1508014,61.4951926235269
1508015,325.032374764974
1508016,
1508021,79.8524484948349
1508022,781.185854004288
1508023,295.678869316227
1508024,102.92536559936
1508025,313.031624705495
1508026,
1508031,146.571539190605
1508032,626.831725112069
1508033,281.888462974889
1508034,96.1541463695526
1508035,278.341445348085
1508036,
1508041,181.610236114437
1508042,601.373326416756
1508043,309.17321482985
1508044,51.9802446049876
1508045,309.251750426175
1508046,
1508051,159.979977487315
1508052,616.704465064561
1508053,339.639983055885
1508054,61.4146095346043
1508055,301.947104892243
1508056,
1508061,205.307474929514
1508062,637.800836478639
1508063,298.46095836567
1508064,68.1438694841095
1508065,307.464976007498
1508066,
1508071,161.405348220657
1508072,663.665647701062
1508073,323.842230895475
1508074,67.65120769016
1508075,328.525075362716
1508076,
1508081,257.886451180439
1508082,708.839463184239
1508083,341.525699924904
1508084,72.3812282167448
1508085,419.863249187707
1508086,
1508091,99.38449711713059
1508092,591.671146288595
1508093,287.13259851044
1508094,128.387177448355
1508095,381.295172610081
1508096,
1508101,107.823834818728
1508102,594.76210118618
1508103,326.181200375735
1508104,62.9166913762778
1508105,310.788118274661
1508106,
1508111,111.719493582218
1508112,544.020362022611
1508113,281.806632304885
1508114,91.8656187305806
1508115,270.359419222473
1508116,
1508121,105.910085115263
1508122,545.01956668171
1508123,253.319885412416
1508124,142.966081963688
1508125,376.975331769286
1508126,
1508131,130.032330328273
1508132,583.360345249005
1508133,276.603435380993
1508134,75.4048924839092
1508135,325.869900482332
1508136,
1508141,136.48598470265
1508142,554.667565714253
1508143,265.26265451612
1508144,149.004415970268
1508145,302.288607115029
1508146,
1508151,143.900495093016
1508152,663.39667410597
1508153,275.131682077987
1508154,107.241283474635
1508155,400.83114144403
1508156,
1508161,70.3788768512555
1508162,590.489204564676
1508163,272.443155861778
1508164,146.710288158171
1508165,295.759264675703
1508166,
1508171,131.235107926437
1508172,450.920128263096
1508173,225.824836898901
1508174,92.8611984536371
1508175,326.240478613795
1508176,
1508181,150.330138057285
1508182,523.448950264901
1508183,213.544733417009
1508184,85.4315239150499
1508185,322.838608950023
1508186,
1508191,114.337019826085
1508192,490.674067203851
1508193,253.357829339858
1508194,90.6762881433179
1508195,320.008480715538
1508196,
1508201,136.545303473007
1508202,504.081147710709
1508203,238.024936225258
1508204,65.9553982231736
1508205,336.15365965175
1508206,
1508211,111.539105361957
1508212,544.022008883632
1508213,279.310643727765
1508214,97.976688249357
1508215,343.654461267513
1508216,
1508221,192.310003941578
1508222,702.931855454761
1508223,323.66800659999
1508224,83.0386302486542
1508225,356.45634430368
1508226,
1508231,69.2444084339642
1508232,649.688467416964
1508233,251.902666988145
1508234,148.112100685466
1508235,406.293445886681
1508236,
1508241,133.255520595342
1508242,452.009690636085
1508243,190.508482582971
1508244,103.705219329698
1508245,287.381087820119
1508246,
1508251,117.118263733
1508252,470.207032832021
1508253,229.973515522141
1508254,95.8771197248926
1508255,324.423739102114
1508256,
1508261,91.6168944111224
1508262,455.605966636962
1508263,201.986667710507
1508264,74.963807309499
1508265,318.973552484698
1508266,
1508271,141.911779920259
1508272,413.885988542687
1508273,189.080053057953
1508274,76.475641716123
1508275,302.491389703597
1508276,
1508281,139.289247760728
1508282,476.398072412663
1508283,220.364674945731
1508284,72.7913057997985
1508285,328.768757736105
1508286,
1508291,126.140648787117
1508292,564.048419158283
1508293,260.194902571308
1508294,79.9073688605913
1508295,293.459745116119
1508296,
1508301,106.277493756171
1508302,539.736641041383
1508303,241.279546935983
1508304,118.125563771295
1508305,317.857054367892
1508306,
1508311,161.450718481947
1508312,393.617421433248
1508313,189.281147313922
1508314,89.4170214258032
1508315,196.31055630725
1508316,
1509011,119.890051286369
1509012,341.592585917743
1509013,156.502080674637
1509014,119.813597280375
1509015,296.009442328884
1509016,
1509021,83.7391536190601
1509022,343.529213049574
1509023,178.040049194498
1509024,50.5765643241307
1509025,287.10102163343
1509026,
1509031,114.383066784309
1509032,364.2487486097
1509033,182.593119062727
1509034,78.4756488501111
1509035,256.826920421219
1509036,
1509041,143.916404225232
1509042,348.1661813862
1509043,171.837229866917
1509044,86.6224721527251
1509045,331.585851212094
1509046,
1509051,156.958185021103
1509052,489.485517572011
1509053,222.910401079499
1509054,72.0601440458685
1509055,422.506310537134
1509056,
1509061,82.710116719476
1509062,502.44714208799
1509063,165.931422433638
1509064,97.4301098856599
1509065,306.134556055382
1509066,
1509071,153.007856994447
1509072,394.644880949285
1509073,162.201655398535
1509074,86.5338103694984
1509075,259.606631742264
1509076,
1509081,101.974900564771
1509082,351.131949782145
1509083,137.003350835869
1509084,61.8558338270558
1509085,290.365271054862
1509086,
1509091,85.9654454506722
1509092,376.926779721908
1509093,145.443243273014
1509094,55.8300832911426
1509095,283.205964937396
1509096,
1509101,117.413494347263
1509102,389.614304848778
1509103,160.140587535139
1509104,65.3438046012977
1509105,268.218856479745
1509106,
1509111,104.972387940673
1509112,370.834526663937
1509113,117.688324874624
1509114,77.5963267214814
1509115,313.184481077626
1509116,
1509121,133.717384428962
1509122,535.735851383828
1509123,256.24856314601
1509124,97.385176383401
1509125,291.384483107582
1509126,
1509131,103.751245279575
1509132,500.251121182591
1509133,180.682163454072
1509134,82.1522115839159
1509135,317.027305488424
1509136,
1509141,133.510832118078
1509142,344.444831213055
1509143,114.521175435237
1509144,112.727634796859
1509145,268.547450934084
1509146,
1509151,139.402208193743
1509152,393.952752737191
1509153,104.019391254186
1509154,75.4421722874781
1509155,273.980818786363
1509156,
1509161,133.689772019809
1509162,319.876606857062
1509163,139.313497563127
1509164,87.542547022515
1509165,289.262509645385
1509166,
1509171,110.514257948888
1509172,339.29368224101
1509173,126.856599332132
1509174,84.5351439454101
1509175,244.38437926166
1509176,
1509181,142.732270753669
1509182,352.790180923934
1509183,130.194081365583
1509184,82.7393131451718
1509185,320.346264402261
1509186,
1509191,130.810510295333
1509192,489.258808159457
1509193,166.13465629308
1509194,76.9847906238951
1509195,428.872661572212
1509196,
1509201,78.983124398745
1509202,513.530323638994
1509203,163.752648797866
1509204,135.071628146581
1509205,312.290301376533
1509206,
1509211,121.131518972434
1509212,341.999724265438
1509213,115.796286729832
1509214,97.6919272101571
1509215,253.439662740014
1509216,
1509221,95.7635024410138
1509222,341.945995080269
1509223,125.429354816316
1509224,69.0212668968983
1509225,203.366891249052
1509226,
1509231,113.985638571579
1509232,330.659883041061
1509233,114.689141036828
1509234,70.0238513998215
1509235,275.543754197184
1509236,
1509241,114.429804827026
1509242,331.504415119153
1509243,111.820297518484
1509244,80.7725892781173
1509245,213.812725299209
1509246,
1509251,106.295868104001
1509252,345.480200670974
1509253,100.188435265973
1509254,60.674416299411
1509255,278.025761115064
1509256,
1509261,157.874583198782
1509262,516.867082419223
1509263,167.256400076095
1509264,71.1253177682758
1509265,259.479539645314
1509266,
1509271,68.6546901854519
1509272,474.080062196284
1509273,190.353191223696
1509274,111.59297636216
1509275,282.790580820186
1509276,
1509281,110.384754268745
1509282,337.127014231803
1509283,119.037376448422
1509284,68.1313704676534
1509285,248.782545827885
1509286,
1509291,107.172499358255
1509292,331.727598762738
1509293,113.547561893099
1509294,81.1052131900459
1509295,243.885310409177
1509296,
1509301,115.168250758514
1509302,314.143853841003
1509303,112.433351295931
1509304,100.378339103544
1509305,237.220772688072
1509306,
1510011,111.736624736966
1510012,335.045744545908
1510013,112.890899599301
1510014,61.2824323616014
1510015,222.946056290178
1510016,
1510021,135.233441535145
1510022,354.775507335419
1510023,106.535577201219
1510024,76.7982788438422
1510025,240.119361604335
1510026,
1510031,59.6051413782784
1510032,473.947428461761
1510033,186.550257735195
1510034,85.6518051480984
1510035,295.846113974453
1510036,
1510041,56.1124326265758
1510042,523.195446240805
1510043,182.177089433129
1510044,105.504689154874
1510045,315.602900601372
1510046,
1510051,160.729447285732
1510052,377.265838211666
1510053,139.507902526703
1510054,65.7278859423288
1510055,327.12246547276
1510056,
1510061,174.298357024457
1510062,354.961577916475
1510063,191.047872542633
1510064,48.5210229032399
1510065,262.096918376241
1510066,
1510071,162.817648369254
1510072,360.31000218759
1510073,142.58488565143
1510074,86.7842751324009
1510075,266.700728724313
1510076,
1510081,126.317035048177
1510082,322.607112704729
1510083,137.799493823338
1510084,43.1746483077413
1510085,279.232059857983
1510086,
1510091,149.251607689849
1510092,368.419818568006
1510093,124.479675740188
1510094,59.5202307127551
1510095,347.187545236976
1510096,
1510101,142.819418608991
1510102,443.62330984219
1510103,233.976547760918
1510104,72.0981136423241
1510105,308.712885369114
1510106,
1510111,86.9624118426862
1510112,557.722976595955
1510113,195.713839682979
1510114,111.582429188677
1510115,331.335033797055
1510116,
1510121,192.294672820891
1510122,377.926547877883
1510123,161.493041485522
1510124,106.581056613366
1510125,269.147103600176
1510126,
1510131,121.893907688931
1510132,346.374494406459
1510133,131.657171786547
1510134,65.4802693489601
1510135,272.220923076483
1510136,
1510141,111.050169347629
1510142,372.052820131498
1510143,149.540622596632
1510144,83.1926451817242
1510145,263.746738771341
1510146,
1510151,137.955865633247
1510152,345.970837991214
1510153,169.665617959777
1510154,65.7691467548743
1510155,310.684718902134
1510156,
1510161,152.38092597735
1510162,384.203133289552
1510163,174.421588441303
1510164,65.4008404511067
1510165,363.015662857092
1510166,
1510171,156.794820766382
1510172,521.130431805683
1510173,212.154857012886
1510174,93.668537101903
1510175,345.918371834577
1510176,
1510181,23.1084060436499
1510182,453.288658341532
1510183,146.242887178944
1510184,99.5938829458216
1510185,243.176440210657
1510186,
1510191,110.888803557782
1510192,398.122768822511
1510193,164.789975134135
1510194,86.0278054419965
1510195,227.854038067664
1510196,
1510201,100.850948230594
1510202,366.38967283357
1510203,174.702791385283
1510204,66.8568994799939
1510205,262.531392320433
1510206,
1510211,112.590628824215
1510212,394.596128794788
1510213,165.749350293937
1510214,75.6840135610605
1510215,301.570247693155
1510216,
1510221,120.599207022792
1510222,409.101520904092
1510223,151.870037627303
1510224,69.3973840238944
1510225,235.619116982939
1510226,
1510231,170.601696726685
1510232,430.883786231859
1510233,164.815142324401
1510234,94.9053042162935
1510235,314.630004917689
1510236,
1510241,156.651794474863
1510242,463.36098285518
1510243,217.934551959575
1510244,77.3960026896757
1510245,445.925332158702
1510246,
1510251,61.41483523667
1510252,384.851426907233
1510253,140.919377891528
1510254,164.465398484012
1510255,284.147344008604
1510256,
1510261,133.31507822802
1510262,328.738163480579
1510263,152.91652558933
1510264,105.127878600437
1510265,266.180304496627
1510266,
1510271,83.2407894196966
1510272,331.472015657754
1510273,136.695525031235
1510274,71.6933322093038
1510275,268.245180136677
1510276,
1510281,90.9366155404553
1510282,304.006515491702
1510283,125.686864454041
1510284,93.0763627109901
1510285,268.433974874423
1510286,
1510291,149.468634696244
1510292,306.427920731397
1510293,138.876054421526
1510294,50.5568179471073
1510295,253.472553756336
1510296,
1510301,105.50955151958
1510302,337.09962010326
1510303,114.725405718415
1510304,103.785774478902
1510305,266.470696782266
1510306,
1510311,115.50901951675
1510312,377.801673947832
1510313,136.923512006965
1510314,88.967069025816
1510315,292.77512121671
1510316,
1511011,82.8860192358928
1511012,469.026184716499
1511013,131.223394379473
1511014,121.793668598599
1511015,307.401617264172
1511016,
1511021,122.852345589113
1511022,285.156333256917
1511023,116.530394792268
1511024,72.569221478375
1511025,222.318691219705
1511026,54.4785750597986
1511031,84.553670001191
1511032,227.368950308808
1511033,85.7476179776816
1511034,80.5712306131707
1511035,241.436093425533
1511036,36.928264442632
1511041,98.2032297845558
1511042,256.059850846365
1511043,108.360227858153
1511044,
1511045,233.555949277467
1511046,
1511051,95.5565289254052
1511052,274.749839438109
1511053,104.659179850674
1511054,76.1809477344347
1511055,257.036598432519
1511056,36.0121444084611
1511061,70.8871682954291
1511062,246.392025222422
1511063,88.9314287329033
1511064,92.9099539033508
1511065,186.691059920256
1511066,23.4680706670577
1511071,122.555120081886
1511072,350.222831381163
1511073,140.452844524859
1511074,39.7743979611464
1511075,220.614308718135
1511076,
1511081,84.144949463918
1511082,466.540193942821
1511083,152.607539505512
1511084,127.539249835881
1511085,328.254378564049
1511086,51.4981525226917
1511091,142.252605742127
1511092,266.493884189038
1511093,106.911757550291
1511094,53.4063154391405
1511095,186.869352829964
1511096,34.1899092105017
1511101,54.2491742553091
1511102,237.906672638622
1511103,77.2591246043059
1511104,65.0436140133193
1511105,195.40472243736
1511106,31.8139136180964
1511111,97.3992914498514
1511112,214.420897950301
1511113,89.0280001083141
1511114,56.9714541278082
1511115,210.177815712871
1511116,56.2709288058107
1511121,68.1250970120964
1511122,240.965897111926
1511123,114.171847336115
1511124,66.7937094495006
1511125,216.239785866434
1511126,28.2840944936649
1511131,137.78054839384
1511132,264.15177278786
1511133,89.9590371263699
1511134,72.3286239048271
1511135,214.873616145225
1511136,
1511141,111.437166094331
1511142,347.614033858304
1511143,113.069738985194
1511144,62.8395827121803
1511145,264.794087448725
1511146,43.9794606680509
1511151,51.1508390696867
1511152,483.160689627582
1511153,119.694295715333
1511154,134.798412331565
1511155,277.579455017807
1511156,20.2942205283244
1511161,105.42649422144
1511162,257.912087518437
1511163,98.613021347171
1511164,67.9860897768266
1511165,244.049386177247
1511166,
1511171,100.395764258721
1511172,236.556165735368
1511173,72.7801578065075
1511174,59.6083391628383
1511175,190.311675968216
1511176,35.3629977360452
1511181,114.494850154785
1511182,198.911870818593
1511183,56.1041588717274
1511184,49.6738357526981
1511185,206.406225416349
1511186,28.0219905828864
1511191,134.988103054341
1511192,243.788203213012
1511193,69.9188174587824
1511194,57.7646121225213
1511195,205.439239648739
1511196,12.9373828412174
1511201,74.7164382653143
1511202,227.863733533634
1511203,68.2330172268982
1511204,79.6502975276965
1511205,187.279498360946
1511206,
1511211,101.399264556987
1511212,364.001891067586
1511213,94.5537487825515
1511214,84.6217160931071
1511215,218.274754433496
1511216,56.1396352068277
1511221,24.7966336699915
1511222,412.356910869242
1511223,112.859441067849
1511224,147.38920509115
1511225,254.862870836877
1511226,36.3496904897764
1511231,154.755493939717
1511232,252.705465822807
1511233,80.842269415621
1511234,92.3354324511327
1511235,219.555033626385
1511236,141.262806843452
1511241,72.2488946542933
1511242,253.437861780942
1511243,105.085937091344
1511244,77.0098783611706
1511245,200.026560873134
1511246,111.891145740226
1511251,77.2817709171028
1511252,255.115425796983
1511253,82.0043374617882
1511254,78.2593412016064
1511255,236.814019634978
1511256,90.341249911663
1511261,88.5864343689461
1511262,275.094910670148
1511263,85.8963225013818
1511264,108.600990011567
1511265,255.671601416751
1511266,154.386660190586
1511271,106.092543130648
1511272,283.115432286782
1511273,83.5498495555774
1511274,116.456193643074
1511275,226.833767245866
1511276,95.8214284234793
1511281,107.179811171241
1511282,403.083011014191
1511283,80.8718088270165
1511284,150.585738123588
1511285,254.02069957234
1511286,121.67603502311
1511291,58.3202195832375
1511292,481.333773696359
1511293,114.086141846843
1511294,209.166880819323
1511295,286.559824438396
1511296,92.5432169532177
1511301,116.154576103571
1511302,288.123644467983
1511303,97.3531024328631
1511304,71.2965359393259
1511305,192.341955374091
1511306,90.1018653521876
1512011,82.6707016113753
1512012,251.710213001089
1512013,81.4279182764571
1512014,113.678931226625
1512015,212.385513481541
1512016,108.812101874236
1512021,76.6057982454552
1512022,223.700501598317
1512023,92.939909399629
1512024,67.7569881327549
1512025,185.868155803157
1512026,149.82304535174
1512031,105.563330698629
1512032,271.393516674893
1512033,71.2378384066131
1512034,95.4588510722846
1512035,228.062312572255
1512036,127.702301302267
1512041,131.863727048158
1512042,223.004926208522
1512043,71.3387210140724
1512044,77.6404401862426
1512045,180.023354377573
1512046,63.2383253536173
1512051,76.8168361163005
1512052,376.387257691091
1512053,88.1907152941989
1512054,95.3028111591426
1512055,201.436495160443
1512056,128.656492929076
1512061,60.0342630227906
1512062,491.74583143461
1512063,127.244430419829
1512064,149.609860945933
1512065,219.769722727984
1512066,73.9534157272459
1512071,88.562588014754
1512072,238.587801055645
1512073,60.9750500333041
1512074,87.9899775115246
1512075,152.509706884695
1512076,28.6728841919131
1512081,81.9208577619633
1512082,259.237368045978
1512083,94.0209378118793
1512084,106.645235271974
1512085,210.749545813154
1512086,115.934234734646
1512091,72.712284202785
1512092,261.967843681113
1512093,85.9894911305105
1512094,136.773193513285
1512095,182.812773894441
1512096,93.8656913459388
1512101,87.3496995999479
1512102,275.871019893576
1512103,100.920371943129
1512104,93.6039033920536
1512105,217.210719698568
1512106,111.666686128158
1512111,73.56275671083
1512112,257.995780454492
1512113,82.2908430221561
1512114,106.586886059885
1512115,181.818946478462
1512116,110.982691994078
1512121,116.377705397521
1512122,416.865761579601
1512123,130.376039900417
1512124,123.8519780738
1512125,263.371183180296
1512126,161.414301579481
1512131,56.5437174806995
1512132,456.754742945117
1512133,150.040759469444
1512134,164.858981263781
1512135,285.609296918744
1512136,70.2627851668794
1512141,113.623981570417
1512142,202.61788967914
1512143,99.1527894963271
1512144,78.0826139469617
1512145,135.882833179972
1512146,54.7394699245604
1512151,78.8474877114111
1512152,238.987287986511
1512153,97.4589956086864
1512154,61.4518021966416
1512155,200.794463905725
1512156,31.7098861371836
1512161,110.850649097379
1512162,239.155705804931
1512163,74.1859539243799
1512164,50.4569970348282
1512165,180.325823313121
1512166,42.2722477322849
1512171,103.843516197661
1512172,266.802079117368
1512173,85.4781007686427
1512174,49.843135680101
1512175,189.603239938994
1512176,86.5381832594966
1512181,88.7319424672478
1512182,247.565727389495
1512183,70.3918910072538
1512184,75.8326965605834
1512185,205.070251752861
1512186,77.7359078686357
1512191,143.442015501486
1512192,326.552122517566
1512193,84.5745459337765
1512194,95.7786689930843
1512195,209.443359888322
1512196,69.9211074485971
1512201,51.7103695029047
1512202,368.79655844807
1512203,97.3754025532662
1512204,137.294819364866
1512205,190.838143871757
1512206,45.7395753160456
1512211,112.891222676487
1512212,249.442416541576
1512213,97.1686358768173
1512214,72.4750158316768
1512215,178.007867853303
1512216,42.5151373960702
1512221,89.2481374766772
1512222,298.307772523706
1512223,89.327573330566
1512224,64.2119729207153
1512225,206.162264813779
1512226,116.615089085609
1512231,205.881287125549
1512232,328.219884484061
1512233,103.056845595438
1512234,68.9147752635412
1512235,219.404693482765
1512236,87.2029904433664
1512241,195.39980134501
1512242,395.242017468912
1512243,137.024357889754
1512244,118.865410341769
1512245,275.561444944486
1512246,69.4000132648449
1512251,
1512252,
1512253,
1512254,
1512255,
1512256,
1512261,
1512262,
1512263,
1512264,
1512265,
1512266,
1512271,50.7942094660487
1512272,426.706629411613
1512273,139.175735437382
1512274,150.617390974879
1512275,205.296097248761
1512276,25.2905133058449
1512281,127.385224894884
1512282,380.798137500876
1512283,165.711268017584
1512284,66.1714499165664
1512285,249.831488819928
1512286,38.7394836594032
1512291,125.989547665193
1512292,410.805384325764
1512293,162.948539436162
1512294,113.802219378916
1512295,220.256783905333
1512296,50.760813368303
1512301,143.702283482079
1512302,534.795914565585
1512303,198.531538169955
1512304,66.9103286638791
1512305,364.25666963632
1512306,76.88815019572
1512311,249.037809581614
1512312,643.674702906675
1512313,208.660491671414
1512314,
1512315,1869.93772343872
1512316,43.6051606878586
1601011,
1601012,
1601013,
1601014,
1601015,
1601016,
1601021,122.885747411276
1601022,534.255462379152
1601023,182.703831244386
1601024,72.5262657990036
1601025,290.214474621251
1601026,
1601031,67.3281609732765
1601032,436.582470124766
1601033,164.859005761667
1601034,75.9429543478591
1601035,189.560768660027
1601036,
1601041,128.822051799542
1601042,283.580198278466
1601043,125.661184368252
1601044,74.7244710704998
1601045,190.248203249784
1601046,
1601051,105.310039162795
1601052,291.599756968942
1601053,101.23954835125
1601054,82.4285276448736
1601055,241.35352574791
1601056,
1601061,90.0053108415906
1601062,255.147894787261
1601063,77.6448105535074
1601064,48.8328172825585
1601065,186.783766682371
1601066,
1601071,155.456329863677
1601072,231.157221388404
1601073,89.7986360923816
1601074,55.4424370840498
1601075,211.959267729194
1601076,
1601081,68.7481180605328
1601082,240.732081245657
1601083,62.3059143752801
1601084,71.7226942714326
1601085,193.938119400977
1601086,
1601091,88.5967160881984
1601092,310.19021362033
1601093,131.135214043175
1601094,64.835874109499
1601095,276.715250071637
1601096,
1601101,39.937818475784
1601102,410.089486410343
1601103,133.842985475896
1601104,121.591849650866
1601105,121.493282473682
1601106,
1601111,123.468161375388
1601112,230.99605551649
1601113,85.8697308053528
1601114,75.6621775473688
1601115,189.559749547889
1601116,
1601121,96.7749099762038
1601122,209.647066822165
1601123,97.1292028532515
1601124,47.508598164613
1601125,222.618083950592
1601126,
1601131,69.6713814579147
1601132,212.715205906421
1601133,76.6672503579133
1601134,68.258783305949
1601135,216.772244614294
1601136,
1601141,103.240917970383
1601142,245.041703770516
1601143,84.4716470314345
1601144,57.2527864696897
1601145,219.3059709318
1601146,
1601151,76.7043334988454
1601152,265.688670335341
1601153,77.2434255197582
1601154,74.9692978522181
1601155,193.214277037618
1601156,
1601161,134.82042208679
1601162,294.730277690986
1601163,115.665082036361
1601164,86.547766419124
1601165,274.890740672995
1601166,
1601171,41.7306726855902
1601172,416.27974422688
1601173,172.589343024335
1601174,83.3440894002096
1601175,299.770085809813
1601176,
1601181,113.848186314372
1601182,196.76012234694
1601183,75.7081265683294
1601184,51.1624488640057
1601185,176.375194730937
1601186,
1601191,99.3856405745354
1601192,207.412383271762
1601193,89.795126229029
1601194,52.6766328715509
1601195,193.826948933223
1601196,
1601201,79.1353473096275
1601202,233.00854277551
1601203,107.303400705441
1601204,48.1736557040667
1601205,200.826111442389
1601206,
1601211,108.595935694673
1601212,222.627075082388
1601213,101.506722935716
1601214,58.5475256416195
1601215,250.15344491956
1601216,
1601221,96.3055837260512
1601222,246.118891098791
1601223,65.7203857155031
1601224,74.60100772742
1601225,248.098227157249
1601226,
1601231,96.7489428154796
1601232,273.076862089786
1601233,97.7792786852686
1601234,58.569762463738
1601235,229.906772887653
1601236,
1601241,41.653137191445
1601242,387.324227337581
1601243,151.068199970058
1601244,149.789734439813
1601245,265.946910450504
1601246,
1601251,101.660734532574
1601252,248.99728128206
1601253,80.5316812843894
1601254,79.3947024923584
1601255,205.155030201946
1601256,
1601261,93.194311458274
1601262,221.127801890975
1601263,56.1255091629798
1601264,71.8353777343297
1601265,232.766301830989
1601266,
1601271,86.5509289158139
1601272,226.325022919998
1601273,104.49661880823
1601274,71.8386915353738
1601275,219.991170296682
1601276,
1601281,124.556569599892
1601282,236.14096812416
1601283,69.5372348970724
1601284,37.4060506108956
1601285,244.408812315202
1601286,
1601291,91.0082856635981
1601292,267.454875544475
1601293,77.2674236690111
1601294,74.5834935282299
1601295,195.574412527158
1601296,
1601301,90.1685996751073
1601302,329.964997391404
1601303,101.154895981059
1601304,58.1344429883485
1601305,239.078662887727
1601306,
1601311,52.0502097378234
1601312,382.123533692755
1601313,116.036789722019
1601314,132.950380868849
1601315,266.119925137902
1601316,
1602011,100.874631975329
1602012,320.500473747742
1602013,79.6701465240555
1602014,93.6709633665612
1602015,241.753423222328
1602016,
1602021,101.820989696245
1602022,334.195166966653
1602023,77.7235209476192
1602024,173.19490154443
1602025,248.516273860935
1602026,
1602031,114.464238664044
1602032,295.824206669011
1602033,77.0896272256222
1602034,138.868927432964
1602035,325.507863771923
1602036,
1602041,128.594824919993
1602042,341.286700292853
1602043,89.2085750628842
1602044,212.954763467956
1602045,328.07660342003
1602046,
1602051,124.433139717936
1602052,287.795395648607
1602053,80.809542590926
1602054,169.87129717056
1602055,264.123167995632
1602056,
1602061,121.619679418936
1602062,474.051333102261
1602063,106.75536822121
1602064,192.27769908181
1602065,288.583322605663
1602066,
1602071,85.2218274039122
1602072,579.707767204789
1602073,140.818372036017
1602074,170.642257444849
1602075,352.95522789217
1602076,
1602081,88.3772693920283
1602082,244.238888656956
1602083,102.447839075974
1602084,96.833635728181
1602085,255.243360918052
1602086,
1602091,89.5365624321665
1602092,291.262085727926
1602093,87.6022418913691
1602094,153.905138423558
1602095,297.961151843249
1602096,
1602101,64.7482479156876
1602102,257.330664582919
1602103,80.2737824771539
1602104,112.819376255663
1602105,264.725463895975
1602106,
1602111,90.7630000858516
1602112,297.503299343127
1602113,91.3535120777711
1602114,213.646592245021
1602115,238.742990743532
1602116,
1602121,92.3826818576777
1602122,240.946116831232
1602123,69.5290464094912
1602124,108.396239900431
1602125,248.745906434891
1602126,
1602131,124.492562694277
1602132,426.139933426771
1602133,100.464402718773
1602134,224.433711584056
1602135,316.769995118842
1602136,
1602141,75.4669049257995
1602142,468.275277107278
1602143,131.727380612779
1602144,220.15722489461
1602145,336.658840303804
1602146,
1602151,136.432230966611
1602152,290.195276965657
1602153,108.081387650254
1602154,116.618502038729
1602155,249.707515047971
1602156,
1602161,68.0478380664933
1602162,275.870590746456
1602163,99.6986074709854
1602164,177.333347977201
1602165,306.515144107154
1602166,
1602171,115.322591894885
1602172,282.850720027412
1602173,84.1453099145737
1602174,146.146021592095
1602175,320.150911639512
1602176,
1602181,130.016478349823
1602182,328.449175370905
1602183,101.652557123811
1602184,153.394623375255
1602185,290.788498756095
1602186,
1602191,121.1062736985
1602192,322.078092028064
1602193,92.6908944831849
1602194,152.787510282685
1602195,294.632772928121
1602196,
1602201,85.2473137621134
1602202,443.775109403269
1602203,91.426660400694
1602204,213.898160134037
1602205,337.413464406758
1602206,
1602211,57.7117326850023
1602212,498.815874652613
1602213,121.873805988119
1602214,320.052214571435
1602215,429.951884660272
1602216,
1602221,64.1054034695987
1602222,236.927035507922
1602223,72.3768680167102
1602224,71.5677280034024
1602225,163.428117167892
1602226,
1602231,70.6172908787781
1602232,260.990205479987
1602233,107.661963735703
1602234,134.376094213944
1602235,161.605017964107
1602236,
1602241,85.7581547356481
1602242,242.649924353059
1602243,83.7317916112599
1602244,64.0301172684115
1602245,210.768634223775
1602246,
1602251,115.0558696768
1602252,237.155536345003
1602253,58.8933306111358
1602254,60.216970582095
1602255,195.261407386158
1602256,
1602261,73.6223080391586
1602262,254.772713211861
1602263,89.2970054722185
1602264,54.0670927179698
1602265,187.611048238849
1602266,
1602271,77.3392765156887
1602272,344.439727506896
1602273,112.734042896824
1602274,85.3879693916251
1602275,256.025961748608
1602276,
1602281,67.9028508038449
1602282,475.067504097736
1602283,143.402789700727
1602284,155.879471819037
1602285,265.881917043649
1602286,
1602291,100.734692257053
1602292,213.574073422175
1602293,85.4670939199535
1602294,57.5785820133328
1602295,191.665015079148
1602296,
1603011,94.4073594599461
1603012,227.734771550322
1603013,71.0119127390675
1603014,93.4974094031413
1603015,180.928311589106
1603016,
1603021,76.3795550110334
1603022,222.095648232034
1603023,93.7217542076897
1603024,74.8849594920968
1603025,164.355534894709
1603026,
1603031,116.797066860726
1603032,229.046716982771
1603033,88.9616745803378
1603034,53.3398566608189
1603035,154.985702571168
1603036,
1603041,100.459635238409
1603042,219.883104831763
1603043,98.7464106170893
1603044,54.3096350622408
1603045,189.909787668708
1603046,
1603051,126.558308460523
1603052,307.355804230078
1603053,105.454582350578
1603054,87.0021007839086
1603055,183.665499323068
1603056,
1603061,63.6973176810197
1603062,424.997870111198
1603063,125.253628707352
1603064,89.9769028362655
1603065,237.73551437776
1603066,
1603071,100.739810297883
1603072,261.046920938025
1603073,104.963466896837
1603074,59.3154655481707
1603075,223.487676344186
1603076,
1603081,121.47081943624
1603082,266.517131416557
1603083,73.2317211493194
1603084,86.237361671157
1603085,254.230927805738
1603086,
1603091,134.50464200454
1603092,271.328765064048
1603093,112.702195949417
1603094,
1603095,259.677695472758
1603096,
1603101,144.670919387674
1603102,293.908820913272
1603103,60.8341417156009
1603104,59.7788825664352
1603105,229.760403843279
1603106,
1603111,147.967084273896
1603112,254.5335408235
1603113,91.4520450012182
1603114,84.0911815561759
1603115,240.691258075457
1603116,
1603121,156.983737754714
1603122,369.210704930203
1603123,123.879594747325
1603124,64.8612566543002
1603125,257.066009798004
1603126,
1603131,85.1258324563042
1603132,457.374192354555
1603133,141.827571462778
1603134,122.358145037394
1603135,358.149041587833
1603136,
1603141,82.3443055655689
1603142,248.430200784947
1603143,106.168003108515
1603144,65.7551183672035
1603145,216.472813308732
1603146,
1603151,135.410674142097
1603152,274.617100464435
1603153,85.1205684450089
1603154,78.5327059559345
1603155,277.612340356285
1603156,
1603161,149.729711282462
1603162,284.674093245276
1603163,103.320840659689
1603164,74.3282044980244
1603165,239.608116730981
1603166,
1603171,171.39484313798
1603172,292.66701959477
1603173,102.115552422329
1603174,76.6750730683855
1603175,259.197413669464
1603176,
1603181,107.770107847376
1603182,271.254945413232
1603183,83.2732058217668
1603184,85.0144032931207
1603185,310.248622540004
1603186,
1603191,123.305215643708
1603192,380.23741771866
1603193,139.178861828601
1603194,82.3119212358549
1603195,319.459082188137
1603196,
1603201,60.1580699950504
1603202,527.51544193685
1603203,184.166261199202
1603204,106.4494715151
1603205,351.534522494821
1603206,
1603211,111.594469309437
1603212,270.390507218686
1603213,112.199506864566
1603214,75.4092115243714
1603215,279.296769510573
1603216,
1603221,123.498900492749
1603222,305.474521378648
1603223,106.189967034507
1603224,64.4622775695536
1603225,269.214268402338
1603226,
1603231,170.980616905401
1603232,328.778860928535
1603233,108.098676775929
1603234,54.9613227217267
1603235,278.851630298633
1603236,
1603241,
1603242,
1603243,
1603244,
1603245,
1603246,
1603251,
1603252,
1603253,
1603254,
1603255,
1603256,
1603261,233.436259088557
1603262,603.695640303816
1603263,284.681250764875
1603264,58.5372758928461
1603265,481.654957864093
1603266,
1603271,92.2009391869641
1603272,684.171162722579
1603273,189.788106034315
1603274,141.426208355897
1603275,321.238551565509
1603276,
1603281,78.9437065311216
1603282,593.601919712894
1603283,222.678061175997
1603284,121.314930976408
1603285,295.412643657617
1603286,
1603291,119.200195257023
1603292,384.312439396431
1603293,102.221734637477
1603294,67.7767299139779
1603295,230.574162176282
1603296,
1603301,60.5126024929405
1603302,337.623139607796
1603303,117.881664269555
1603304,72.2946923139008
1603305,241.966349438166
1603306,
1603311,98.7497125455811
1603312,368.852751120523
1603313,126.127818313849
1603314,76.3978378241098
1603315,239.635864704663
1603316,
1604011,126.578280724595
1604012,369.569826021304
1604013,111.815006377573
1604014,69.1621393027721
1604015,288.46151804369
1604016,
1604021,87.3944207425519
1604022,436.278040312197
1604023,189.133194226414
1604024,65.3028239253893
1604025,247.661267823671
1604026,
1604031,59.9447846766429
1604032,401.200597393477
1604033,166.207053633233
1604034,86.220713636422
1604035,234.641380413364
1604036,
1604041,137.947934007478
1604042,261.63640016653
1604043,128.292980884662
1604044,59.9058128787491
1604045,201.497255314954
1604046,
1604051,94.142825899826
1604052,246.716621441029
1604053,99.5827121199856
1604054,58.9720553146971
1604055,218.413027097897
1604056,
1604061,115.447838356541
1604062,285.481476537921
1604063,97.0822637355334
1604064,57.02264586249
1604065,223.914811749007
1604066,
1604071,89.6184406128346
1604072,281.790814958438
1604073,107.132064321167
1604074,54.3071271105345
1604075,252.585105953365
1604076,
1604081,78.1961621702536
1604082,256.02856475427
1604083,120.523884707092
1604084,74.0266572205362
1604085,194.066874820885
1604086,
1604091,147.991506901966
1604092,350.321119468727
1604093,109.938038337504
1604094,88.7240563710287
1604095,234.167630912455
1604096,
1604101,52.0436407239646
1604102,396.748147555459
1604103,129.352661247474
1604104,188.227432737985
1604105,244.033068510366
1604106,
1604111,123.702699233727
1604112,266.366625292038
1604113,108.061463379292
1604114,63.5917525356622
1604115,200.384279419303
1604116,
1604121,132.521415737209
1604122,258.442290134172
1604123,94.4609362964128
1604124,75.012720073973
1604125,192.217013566236
1604126,
1604131,94.2383228667346
1604132,264.607767409568
1604133,103.935299590913
1604134,68.3800760787528
1604135,205.053912073887
1604136,
1604141,147.451316499508
1604142,265.260826538153
1604143,91.246014388283
1604144,79.6651618752898
1604145,203.526804979814
1604146,
1604151,114.065751428593
1604152,252.480598904069
1604153,86.3777902545636
1604154,85.5021019405904
1604155,215.677749048544
1604156,
1604161,154.36608888434
1604162,343.737114318693
1604163,163.804926988699
1604164,38.0034581066634
1604165,266.268834875461
1604166,
1604171,47.0066493758308
1604172,414.521614252364
1604173,151.966394520198
1604174,128.930716522031
1604175,252.402052934785
1604176,
1604181,118.988739758524
1604182,278.295779079878
1604183,80.6868758615905
1604184,62.1949644291393
1604185,180.402133751967
1604186,
1604191,118.548088668147
1604192,246.549064599033
1604193,97.9279177062117
1604194,58.782468497158
1604195,222.545920445252
1604196,
1604201,97.0075160140583
1604202,237.679797411646
1604203,69.0284229573483
1604204,78.2047969831531
1604205,218.70012017309
1604206,
1604211,162.612344751633
1604212,275.748854017986
1604213,92.3729306588041
1604214,58.4908896568249
1604215,235.198858641542
1604216,
1604221,113.388253179464
1604222,275.38376345089
1604223,96.0566519540133
1604224,68.8249663767415
1604225,226.361072270193
1604226,
1604231,92.1021778355632
1604232,332.231280619225
1604233,123.22570358776
1604234,69.8152946816204
1604235,342.883589669836
1604236,
1604241,75.6222245885521
1604242,390.150348783304
1604243,153.324122317668
1604244,141.716902781412
1604245,287.878130133696
1604246,
1604251,120.296897891865
1604252,291.664653265081
1604253,123.274872525649
1604254,81.5258711901888
1604255,191.905007576654
1604256,
1604261,110.811927318748
1604262,259.458654116745
1604263,71.8323573128756
1604264,49.8838269746306
1604265,231.386410915795
1604266,
1604271,109.900043591409
1604272,245.398926176158
1604273,80.8725602170082
1604274,67.274912956458
1604275,241.630584610239
1604276,
1604281,144.258444140683
1604282,253.333171941653
1604283,105.706858808087
1604284,54.2050183679024
1604285,233.867524957424
1604286,
1604291,141.971140303684
1604292,303.736923397452
1604293,82.9419491940788
1604294,80.6775404303345
1604295,293.074476816919
1604296,
1604301,133.934264874241
1604302,358.802853523612
1604303,134.027286218656
1604304,59.6068804956452
1604305,334.465117619
1604306,
1605011,75.0855680153977
1605012,482.578324661218
1605013,223.802785349283
1605014,160.657021441659
1605015,378.369798483015
1605016,
1605021,80.5343204678304
1605022,320.995419915468
1605023,95.4131027318739
1605024,83.4409378249042
1605025,227.08493593719
1605026,
1605031,121.044237577884
1605032,289.708731482993
1605033,78.2337652654008
1605034,55.7089383505145
1605035,247.627437648159
1605036,
1605041,143.517586627587
1605042,340.854574986743
1605043,130.920505347872
1605044,87.3305739010551
1605045,228.21188230052
1605046,
1605051,63.2181127337263
1605052,520.85778075021
1605053,189.486215784858
1605054,81.4028605555413
1605055,276.101540361524
1605056,
1605061,128.636414764642
1605062,549.571974612779
1605063,223.695167377294
1605064,80.6217653639757
1605065,263.896205618387
1605066,
1605071,130.740469962421
1605072,513.379310537856
1605073,234.423968466887
1605074,115.682643906475
1605075,283.861298918752
1605076,
1605081,70.7536194190359
1605082,603.774496490781
1605083,223.450408926695
1605084,148.75173881877
1605085,262.509023160781
1605086,
1605091,115.102371461682
1605092,316.234375653089
1605093,129.465698741399
1605094,61.9345960971892
1605095,274.784906816565
1605096,
1605101,92.2789261138812
1605102,305.219598795191
1605103,72.9835247548076
1605104,72.8065439260456
1605105,187.104061213047
1605106,
1605111,85.9296410490685
1605112,309.345908790116
1605113,141.551854340505
1605114,83.2552768245152
1605115,223.186865619855
1605116,
1605121,120.372349558473
1605122,322.631252723179
1605123,111.749909512964
1605124,57.7424642829603
1605125,261.231854050774
1605126,
1605131,122.111295888313
1605132,329.450437716182
1605133,122.600995902318
1605134,51.4231465432757
1605135,210.489080210568
1605136,
1605141,163.420994743525
1605142,451.821867120768
1605143,222.19069618993
1605144,130.346005754567
1605145,334.167716552479
1605146,
1605151,45.1928439286054
1605152,522.220037792634
1605153,233.964586111884
1605154,139.225674960842
1605155,299.755271068588
1605156,
1605161,98.0010179281108
1605162,571.613453642502
1605163,243.572747061241
1605164,221.377548769257
1605165,369.787407124008
1605166,
1605171,126.175939525105
1605172,399.004465280682
1605173,155.81645216738
1605174,81.2798661578787
1605175,253.335093139795
1605176,
1605181,124.058397743762
1605182,374.186876677991
1605183,112.530997859032
1605184,52.9852918112855
1605185,300.098419383684
1605186,
1605191,103.539894371924
1605192,332.185760629374
1605193,129.892096900825
1605194,52.2420952260333
1605195,240.095760787002
1605196,
1605201,142.315044989541
1605202,349.453247646396
1605203,134.003083415072
1605204,75.9719358863341
1605205,293.444856789248
1605206,
1605211,134.348751582816
1605212,417.308630991789
1605213,175.636694299349
1605214,96.0857980307046
1605215,255.045369394965
1605216,
1605221,44.0664524465327
1605222,399.272621728124
1605223,194.032210815487
1605224,80.1661906627983
1605225,296.041738757378
1605226,
1605231,92.0461391783152
1605232,339.099125176726
1605233,138.761811140948
1605234,89.2533652735873
1605235,204.020005721102
1605236,
1605241,93.689577938849
1605242,297.823624960247
1605243,138.349557509955
1605244,78.609274068199
1605245,316.090690822768
1605246,
1605251,114.416569643787
1605252,275.388396878139
1605253,93.5805022963291
1605254,
1605255,273.926983634397
1605256,
1605261,118.05896130267
1605262,382.775874053643
1605263,107.902859794621
1605264,72.3213966982085
1605265,306.994692520119
1605266,
1605271,132.359505113365
1605272,428.082278565753
1605273,155.749888701697
1605274,65.4248373651271
1605275,279.968902943668
1605276,
1605281,80.6332169733006
1605282,475.9291538663
1605283,247.070837260053
1605284,76.5294267925852
1605285,294.457886340941
1605286,
1605291,62.5013270429653
1605292,536.394778519185
1605293,201.949752631363
1605294,90.7002124652669
1605295,277.89686472884
1605296,
1605301,134.578807812252
1605302,352.200537133603
1605303,107.195033511458
1605304,46.1588204422771
1605305,195.145975861705
1605306,
1605311,98.9116462513412
1605312,336.967608768399
1605313,75.1225395305266
1605314,61.3400167427931
1605315,240.708335993542
1605316,
1606011,89.3200184546117
1606012,329.675592570305
1606013,102.647483208157
1606014,59.0983926556418
1606015,238.874878564477
1606016,
1606021,118.366755856865
1606022,300.201116439216
1606023,81.0016777964952
1606024,37.2058034570491
1606025,199.261549459602
1606026,
1606031,126.172805594165
1606032,360.161707281065
1606033,119.434613145659
1606034,51.8363150051648
1606035,238.069027357063
1606036,
1606041,129.472695112237
1606042,484.977536743856
1606043,186.288225946355
1606044,57.2654149279438
1606045,271.288580060918
1606046,
1606051,56.1643884923837
1606052,505.183025938884
1606053,204.02382551188
1606054,45.1860403248197
1606055,256.832310845058
1606056,
1606061,96.630281826456
1606062,336.086485363912
1606063,114.794611851092
1606064,86.3767620382784
1606065,216.759609655745
1606066,
1606071,120.649972381176
1606072,335.422218343796
1606073,111.50908281886
1606074,43.99793554589
1606075,217.129143633598
1606076,
1606081,90.3183766916616
1606082,359.982420677576
1606083,139.4508539836
1606084,51.9570899928825
1606085,262.71371647043
1606086,
1606091,176.623705667701
1606092,346.890563142984
1606093,114.020491132883
1606094,66.887982554122
1606095,249.999409610005
1606096,
1606101,138.780097990443
1606102,382.462286135426
1606103,129.407445698529
1606104,68.2876939117703
1606105,285.017546235919
1606106,
1606111,146.289691920675
1606112,411.583071431955
1606113,228.439799511311
1606114,55.4792680331453
1606115,293.050249013025
1606116,
1606121,41.3202517417741
1606122,493.709599656085
1606123,207.792906901658
1606124,80.3694002108207
1606125,314.20621685246
1606126,
1606131,157.032598847473
1606132,321.713222457414
1606133,141.781000615203
1606134,63.9264043023185
1606135,209.321894690829
1606136,
1606141,119.96846203145
1606142,306.10547510178
1606143,100.912492228875
1606144,93.2936243715596
1606145,213.187533623518
1606146,
1606151,98.597982186145
1606152,279.035829075679
1606153,110.978634293169
1606154,54.5981574004444
1606155,234.728412152859
1606156,
1606161,132.226336008048
1606162,305.679673037153
1606163,86.6321388895877
1606164,69.769016334118
1606165,253.821100241294
1606166,
1606171,96.4894878589786
1606172,349.831794411109
1606173,111.578949303683
1606174,76.7473988954117
1606175,251.67982231829
1606176,
1606181,178.053503357419
1606182,455.115566690297
1606183,210.995958062752
1606184,74.0956742931782
1606185,297.196176882937
1606186,
1606191,47.3015501376727
1606192,515.510722561944
1606193,221.472814024848
1606194,157.876050195996
1606195,258.683021783885
1606196,
1606201,154.234328655126
1606202,414.129888774016
1606203,160.366420638134
1606204,80.4346390087438
1606205,261.929083791593
1606206,
1606211,122.723468787436
1606212,390.81874030213
1606213,147.991076622665
1606214,75.1865037322638
1606215,250.953444723129
1606216,
1606221,98.8851882321757
1606222,437.625292013129
1606223,132.946056097799
1606224,46.4521045149254
1606225,245.204941108968
1606226,
1606231,159.229870584471
1606232,444.85642620105
1606233,161.58432145411
1606234,77.5616208592352
1606235,231.264672708937
1606236,
1606241,146.028836187358
1606242,504.789708077128
1606243,161.274225315318
1606244,
1606245,241.758175059788
1606246,
1606251,160.675602624552
1606252,770.940264429072
1606253,330.478660501536
1606254,80.143148747234
1606255,402.98066537422
1606256,
1606261,70.9661977461169
1606262,673.058408685448
1606263,240.674329382729
1606264,103.99952080863
1606265,265.456146687391
1606266,
1606271,163.747099559984
1606272,457.726032088298
1606273,145.138260293234
1606274,107.191517706417
1606275,298.562972536535
1606276,
1606281,120.494624396019
1606282,402.680603677028
1606283,161.869224113387
1606284,73.4591715957405
1606285,252.926576515592
1606286,
1606291,115.226044727455
1606292,370.9905058322
1606293,138.086225716019
1606294,66.8612519384528
1606295,243.967227468166
1606296,
1606301,165.845034983749
1606302,402.024053504751
1606303,136.640373498376
1606304,92.1728235227327
1606305,311.537619327288
1606306,
1607011,114.432331782581
1607012,359.955266934243
1607013,148.845304362305
1607014,62.7855301488184
1607015,232.632716648263
1607016,
1607021,151.530588705805
1607022,458.046656207515
1607023,235.678451999105
1607024,88.2706160555416
1607025,321.441200567339
1607026,
1607031,69.2208725565689
1607032,549.801708096745
1607033,198.57572478932
1607034,95.2489280277311
1607035,318.000500433358
1607036,
1607041,162.311728521353
1607042,366.052910892549
1607043,101.501372957599
1607044,101.911143347065
1607045,240.331730033711
1607046,
1607051,99.5359318621793
1607052,390.290376373584
1607053,139.603404199373
1607054,86.0515939532622
1607055,259.847648449434
1607056,
1607061,108.94000089499
1607062,423.119096446191
1607063,164.349099555347
1607064,79.3752874106993
1607065,319.444668795495
1607066,
1607071,
1607072,
1607073,
1607074,
1607075,
1607076,
1607081,127.247931501737
1607082,406.844268769529
1607083,157.876878826052
1607084,58.1943167192438
1607085,267.526274034685
1607086,
1607091,115.811353583804
1607092,411.184304372527
1607093,246.879387896932
1607094,86.9784943488394
1607095,284.624833801229
1607096,
1607101,74.7486671975863
1607102,603.862275871903
1607103,216.585703890106
1607104,83.9455394230727
1607105,245.910421326878
1607106,
1607111,143.298039553454
1607112,434.120775058025
1607113,179.278876112019
1607114,91.077958457133
1607115,270.433745249298
1607116,
1607121,98.8521437980355
1607122,442.540104956313
1607123,170.230875748386
1607124,73.8039993112344
1607125,272.36578046547
1607126,
1607131,136.905968374288
1607132,441.154248420539
1607133,179.907364672447
1607134,84.1771092914222
1607135,290.707275954792
1607136,
1607141,116.126177275812
1607142,477.904668200072
1607143,218.801690747843
1607144,76.9007014863421
1607145,247.413234215067
1607146,
1607151,132.699943835378
1607152,455.61544571849
1607153,188.310124766528
1607154,72.6228540742141
1607155,245.296127530325
1607156,
1607161,157.221628294765
1607162,501.587558806011
1607163,223.292333174144
1607164,90.2587400459239
1607165,341.719175136899
1607166,
1607171,42.885878239169
1607172,666.527946705603
1607173,240.984092016883
1607174,125.628666013292
1607175,297.654915440869
1607176,
1607181,
1607182,
1607183,
1607184,
1607185,
1607186,
1607191,110.715440210892
1607192,498.531530465481
1607193,231.302041791688
1607194,71.2844713341653
1607195,302.794519563702
1607196,
1607201,104.132660811651
1607202,504.911090771417
1607203,225.94725477004
1607204,61.3250234967134
1607205,252.185377063924
1607206,
1607211,131.784060768095
1607212,518.05696353344
1607213,214.795915124578
1607214,63.4082712114498
1607215,225.139755159581
1607216,
1607221,113.407010430872
1607222,552.606019978418
1607223,218.193724524142
1607224,67.2432132039071
1607225,244.492833798335
1607226,
1607231,146.464945803733
1607232,649.673625708709
1607233,300.402606623953
1607234,65.999671907614
1607235,305.545406478361
1607236,
1607241,92.7879182201905
1607242,642.671545332675
1607243,257.179272866847
1607244,115.411820114704
1607245,301.446918150668
1607246,
1607251,185.227061025517
1607252,578.144391563216
1607253,282.729423408297
1607254,94.6517709663234
1607255,270.80285258066
1607256,
1607261,192.381770532513
1607262,591.405293925478
1607263,311.186206266119
1607264,
1607265,347.147613190373
1607266,
1607271,159.997122537331
1607272,599.470800802549
1607273,296.787317629001
1607274,65.36460261261
1607275,274.036919172474
1607276,
1607281,164.354295781258
1607282,589.818472576254
1607283,339.772120514901
1607284,84.4526943001443
1607285,319.552065942429
1607286,
1607291,177.670184792223
1607292,585.737375255411
1607293,313.051127748557
1607294,79.1511614101298
1607295,306.176262585225
1607296,
1607301,166.601426920218
1607302,654.881851014471
1607303,396.978002151989
1607304,79.4721137940039
1607305,271.144111868921
1607306,
1607311,91.3605121122705
1607312,705.270631053338
1607313,352.721178327364
1607314,113.608709736733
1607315,339.536726625866
1607316,
1608011,161.443574230918
1608012,612.243855464434
1608013,315.867116776854
1608014,76.2771479267291
1608015,334.375655815544
1608016,
1608021,135.72195457448
1608022,640.359288495899
1608023,307.195889740818
1608024,94.7296678636697
1608025,291.774754004698
1608026,
1608031,160.92640354873
1608032,546.681324306856
1608033,324.063160689359
1608034,125.29913310079
1608035,303.690015208262
1608036,
1608041,190.138048133153
1608042,572.9375007087
1608043,294.953956111065
1608044,120.320434087359
1608045,266.889484301861
1608046,
1608051,156.95610535683
1608052,582.139047360436
1608053,307.366610857395
1608054,82.5878750874778
1608055,300.234944047573
1608056,
1608061,175.282574113376
1608062,627.399879345698
1608063,326.032069049756
1608064,98.7069424269931
1608065,352.396772595034
1608066,
1608071,71.899100617287
1608072,717.630142641236
1608073,327.052753961083
1608074,142.162153969304
1608075,388.395780108233
1608076,
1608081,164.185739816663
1608082,590.364639279926
1608083,277.881342355861
1608084,101.48674551854
1608085,376.108331144121
1608086,
1608091,168.392491471408
1608092,614.057655871662
1608093,320.651490164019
1608094,84.6457978181583
1608095,323.201034184973
1608096,
1608101,146.108444701411
1608102,591.248086981698
1608103,315.42015433627
1608104,122.20775285546
1608105,406.182788802522
1608106,
1608111,155.445190548365
1608112,598.898338586543
1608113,312.998425205478
1608114,156.030512564163
1608115,434.053480046566
1608116,
1608121,172.772180030773
1608122,628.540557526445
1608123,316.412519279478
1608124,82.8057057640178
1608125,360.020079003047
1608126,
1608131,242.04298764093
1608132,738.269009184729
1608133,402.860567190888
1608134,174.56607234021
1608135,456.299833761621
1608136,
1608141,
1608142,
1608143,
1608144,
1608145,
1608146,
1608151,
1608152,
1608153,
1608154,
1608155,
1608156,
1608161,111.26757761232
1608162,563.245539657153
1608163,268.715042972505
1608164,71.3544496963885
1608165,307.344475192462
1608166,
1608171,133.724113213579
1608172,580.959984588054
1608173,274.152347904724
1608174,84.2136113210601
1608175,274.043112966598
1608176,
1608181,166.491293516648
1608182,517.663284471291
1608183,287.765747135281
1608184,75.1747825318839
1608185,256.02662776997
1608186,
1608191,163.439489694208
1608192,547.814607365311
1608193,264.579771990774
1608194,104.565249046307
1608195,323.819837083835
1608196,
1608201,168.383074897518
1608202,727.82813857717
1608203,383.298667769012
1608204,99.6669300638897
1608205,381.564647503155
1608206,
1608211,64.0296375905993
1608212,611.969263585254
1608213,259.585275102001
1608214,111.755342047448
1608215,376.667002956842
1608216,
1608221,132.218707810364
1608222,503.322164342482
1608223,138.3366983689
1608224,94.2234768021405
1608225,227.851783425876
1608226,
1608231,100.797638745173
1608232,394.591725517269
1608233,184.170367057689
1608234,69.2699552944854
1608235,259.918385195652
1608236,
1608241,128.031689472655
1608242,421.314999974756
1608243,170.353220830059
1608244,81.8077351867349
1608245,294.57976527934
1608246,
1608251,131.898041645196
1608252,423.336573971822
1608253,181.842118829346
1608254,63.1344169982834
1608255,246.372730541868
1608256,
1608261,113.857651667203
1608262,457.308960245821
1608263,166.402064505158
1608264,69.4076743077305
1608265,298.47149111382
1608266,
1608271,143.728050251138
1608272,591.839425440136
1608273,277.903100318237
1608274,78.9703185036615
1608275,431.883448160865
1608276,
1608281,64.0609471983839
1608282,601.750589159833
1608283,256.176762589354
1608284,117.867595423087
1608285,343.403459471737
1608286,
1608291,117.093542214261
1608292,375.061712132817
1608293,136.29657520517
1608294,85.2839373894979
1608295,250.800146184405
1608296,
1608301,146.236249515322
1608302,363.235887655092
1608303,160.336321801591
1608304,92.2266717357749
1608305,273.453181024855
1608306,
1608311,133.333037402885
1608312,365.214393739474
1608313,163.49670308802
1608314,71.5042420592551
1608315,269.080065666109
1608316,
1609011,134.059380486205
1609012,414.957000694047
1609013,184.329861039082
1609014,98.0009346613173
1609015,280.656910658055
1609016,
1609021,85.2045971552449
1609022,387.212025911342
1609023,161.932437682552
1609024,102.536382009367
1609025,307.486044616984
1609026,
1609031,167.820279051247
1609032,448.508773592816
1609033,269.483931194562
1609034,95.5664580471743
1609035,315.397578767879
1609036,
1609041,63.5013684156845
1609042,504.632657854187
1609043,221.580285871103
1609044,121.00365176454
1609045,248.446151856183
1609046,
1609051,162.984490197691
1609052,359.122720726491
1609053,126.457096377826
1609054,86.1298167903769
1609055,227.369946945208
1609056,
1609061,95.8411144296674
1609062,377.634634092805
1609063,122.486688739232
1609064,88.8408823873541
1609065,257.278299655972
1609066,
1609071,109.455420848433
1609072,335.203709564339
1609073,125.901174672784
1609074,75.8390999246391
1609075,214.606653386836
1609076,
1609081,125.091909371069
1609082,414.047201809759
1609083,123.558512923317
1609084,73.4969485194111
1609085,256.59523471466
1609086,
1609091,148.877333962067
1609092,388.211917631675
1609093,152.138133385527
1609094,90.352809156542
1609095,320.307189780233
1609096,
1609101,140.376787154846
1609102,507.689903698188
1609103,280.009462399262
1609104,82.4639150738783
1609105,261.823943368235
1609106,
1609111,85.7357676571596
1609112,545.176831557782
1609113,209.960575918
1609114,97.8618931914927
1609115,277.142389168356
1609116,
1609121,129.296154663315
1609122,360.218015490865
1609123,155.471605350608
1609124,102.601670931527
1609125,253.837291756647
1609126,
1609131,110.165491085845
1609132,357.809460758136
1609133,176.251944609301
1609134,87.237524139977
1609135,224.064010585292
1609136,
1609141,101.506886848651
1609142,362.729463906085
1609143,151.863811050942
1609144,77.1166001131505
1609145,256.29712162676
1609146,
1609151,139.038489572332
1609152,349.380070632085
1609153,135.288518813294
1609154,66.4875550410147
1609155,219.830534671562
1609156,
1609161,82.9657291003825
1609162,351.893580474176
1609163,161.752881879896
1609164,76.0503916109054
1609165,296.199040575708
1609166,
1609171,120.786599548847
1609172,407.185483742369
1609173,215.046440523193
1609174,85.8607134017524
1609175,314.548531974333
1609176,
1609181,93.160862383955
1609182,480.542581284257
1609183,197.307853070949
1609184,116.914398691126
1609185,355.723154107446
1609186,
1609191,114.697410367889
1609192,348.610476356749
1609193,122.536393643501
1609194,71.303734470392
1609195,236.03384301998
1609196,
1609201,147.044940899915
1609202,328.479395676693
1609203,131.214401149036
1609204,108.289673677416
1609205,298.704245346708
1609206,
1609211,113.835673304499
1609212,320.751362736203
1609213,118.573978194193
1609214,65.5328953727373
1609215,247.327301625247
1609216,
1609221,124.063350220345
1609222,333.491710900249
1609223,121.812793900583
1609224,64.8747804188171
1609225,246.238476364069
1609226,
1609231,123.203567184748
1609232,334.835340053426
1609233,114.784833689674
1609234,83.6829450528489
1609235,305.71368923846
1609236,
1609241,124.760380048605
1609242,382.884661267337
1609243,147.403447349753
1609244,77.091225998223
1609245,236.684978855263
1609246,
1609251,50.7009834904937
1609252,467.862772221578
1609253,171.298099810589
1609254,191.100179090963
1609255,324.339798106822
1609256,
1609261,100.687007359059
1609262,288.924972627933
1609263,100.656797037996
1609264,70.1183016667403
1609265,200.729575512528
1609266,
1609271,124.380118113529
1609272,308.430274429297
1609273,106.824179540477
1609274,70.5754586717771
1609275,219.691025714482
1609276,
1609281,120.131624904303
1609282,276.95747509989
1609283,108.052540485998
1609284,104.204658150352
1609285,281.33173727172
1609286,
1609291,106.899462001863
1609292,304.639393081772
1609293,113.054146061102
1609294,87.0039728646358
1609295,209.323640196751
1609296,
1609301,126.366800158974
1609302,292.054154725351
1609303,129.269260103097
1609304,75.2887876903606
1609305,193.213490974817
1609306,
1610011,173.938069367793
1610012,422.462880305042
1610013,166.963999835678
1610014,94.9968110543908
1610015,241.948734757705
1610016,
1610021,56.3004091147622
1610022,562.125467854407
1610023,186.732360367454
1610024,114.266134889728
1610025,262.299773706351
1610026,
1610031,62.1746495327839
1610032,484.636032498125
1610033,182.443859182106
1610034,175.777025560835
1610035,349.311805504009
1610036,
1610041,172.446738288365
1610042,334.855690002673
1610043,123.415726677241
1610044,74.0120712141302
1610045,240.277045454432
1610046,
1610051,114.574136259055
1610052,313.330103838322
1610053,120.624272460905
1610054,90.4487624824519
1610055,233.962258844718
1610056,
1610061,136.945957744399
1610062,345.113524952996
1610063,101.60163656775
1610064,80.9955881840322
1610065,221.280556813048
1610066,
1610071,134.611025021576
1610072,383.204234938422
1610073,141.93416312528
1610074,72.7219032623409
1610075,217.762142609866
1610076,
1610081,147.66789204124
1610082,366.932902975983
1610083,159.043461454141
1610084,97.1573327373914
1610085,227.094809459833
1610086,
1610091,53.3156087813301
1610092,496.810974350594
1610093,181.693182252688
1610094,111.55603133276
1610095,204.564566537797
1610096,
1610101,130.880964042862
1610102,380.153458343839
1610103,144.619334839444
1610104,81.5808277860361
1610105,272.096460064269
1610106,
1610111,85.4801757621986
1610112,376.573866608268
1610113,193.457092513929
1610114,83.3654496634983
1610115,250.286651016106
1610116,
1610121,98.0361155623953
1610122,344.070542410265
1610123,159.062487471256
1610124,74.0803337557003
1610125,294.043757384809
1610126,
1610131,148.18590913848
1610132,373.773464347884
1610133,147.744752027756
1610134,55.6395261362085
1610135,241.411791384101
1610136,
1610141,93.8261887010055
1610142,362.891896618259
1610143,166.32217095808
1610144,63.964902716704
1610145,200.946834376251
1610146,
1610151,132.894647230153
1610152,419.758055396142
1610153,189.027358152441
1610154,75.3813465737841
1610155,232.565718859558
1610156,
1610161,74.5534527201843
1610162,531.445003131207
1610163,213.136283121314
1610164,151.709518375799
1610165,225.595272346529
1610166,
1610171,120.547856066705
1610172,384.771661762652
1610173,158.15111344134
1610174,81.293499003446
1610175,255.735410277856
1610176,
1610181,110.361356326637
1610182,401.418865570001
1610183,149.45088792686
1610184,91.7436118231859
1610185,228.600350570995
1610186,
1610191,110.217732943397
1610192,413.509458544512
1610193,139.392809720067
1610194,78.4940631916244
1610195,236.472455694277
1610196,
1610201,115.866476082293
1610202,361.39994077193
1610203,163.589529856023
1610204,73.5637731329557
1610205,243.207657848516
1610206,
1610211,114.340023882369
1610212,344.284592144664
1610213,157.154195182157
1610214,59.065770949536
1610215,228.823612348767
1610216,
1610221,160.103777760669
1610222,362.998937459473
1610223,142.628523419571
1610224,94.8825770148696
1610225,247.988385028377
1610226,
1610231,71.392684860845
1610232,432.075653766841
1610233,184.302463772913
1610234,117.026902753308
1610235,318.531476179231
1610236,
1610241,101.614370965389
1610242,283.900274763154
1610243,91.661343436281
1610244,75.9963763592931
1610245,151.291654680164
1610246,
1610251,74.5196202965945
1610252,275.214526471799
1610253,91.4174596798256
1610254,81.7877921677137
1610255,233.037954480734
1610256,
1610261,75.1781153356293
1610262,289.426912922535
1610263,124.814994354034
1610264,65.9312615469244
1610265,227.350266377509
1610266,
1610271,107.497900955149
1610272,270.934898095161
1610273,81.3083736578224
1610274,64.3530038292111
1610275,146.8201866379
1610276,
1610281,125.569231616337
1610282,259.659612215792
1610283,84.2028058990911
1610284,84.6394877180107
1610285,177.402134342248
1610286,
1610291,151.413102878923
1610292,302.126163329756
1610293,110.598012441388
1610294,151.2765089983
1610295,233.469252900936
1610296,
1610301,68.3827588351215
1610302,473.283997822259
1610303,141.901075742017
1610304,103.985083901352
1610305,189.684581223678
1610306,
1610311,116.860031849405
1610312,326.876981669562
1610313,116.957939230667
1610314,70.3254304239473
1610315,206.801935482933
1610316,
1611011,109.272941497746
1611012,247.262323992562
1611013,101.44458467343
1611014,58.5481326695856
1611015,239.636644566373
1611016,
1611021,98.5457706234247
1611022,258.630529285405
1611023,90.8202443873751
1611024,85.8246991515178
1611025,222.447233073532
1611026,
1611031,146.232819423347
1611032,279.971350500935
1611033,111.819161696001
1611034,56.4275502608749
1611035,188.291283441223
1611036,43.0067702051724
1611041,97.3009447369516
1611042,243.545607844563
1611043,122.555235204681
1611044,85.1323711654376
1611045,248.1861831044
1611046,31.0302746062749
1611051,109.228922348071
1611052,281.817751432173
1611053,115.638311931186
1611054,108.104548477186
1611055,187.586828333204
1611056,51.7425396361144
1611061,95.267777844009
1611062,460.230229180135
1611063,142.854624136284
1611064,90.1088934527147
1611065,228.466900330671
1611066,
1611071,95.942904642186
1611072,255.648328676303
1611073,98.4615638799173
1611074,89.5375676010166
1611075,188.052534009555
1611076,55.6447706787916
1611081,98.6134473987209
1611082,204.169287713438
1611083,79.8857514598579
1611084,81.4058061539498
1611085,155.250018363632
1611086,48.6539377155505
1611091,102.800778634922
1611092,225.625409365451
1611093,76.8691465964589
1611094,53.3169820192043
1611095,216.290546703721
1611096,37.9775832387439
1611101,104.94423726981
1611102,222.952935466743
1611103,73.253261288051
1611104,67.7511186941306
1611105,156.348442296567
1611106,51.6599610963361
1611111,79.7625074114877
1611112,248.496512725195
1611113,81.1040142115944
1611114,69.5484904815901
1611115,208.651903838976
1611116,32.1564594476948
1611121,138.827828111692
1611122,334.977522413811
1611123,113.479986837697
1611124,82.1527997216755
1611125,279.651017681868
1611126,66.4155220587801
1611131,55.4419452131555
1611132,474.067020573429
1611133,155.829169523759
1611134,180.570460709882
1611135,315.771220676948
1611136,33.3799044085387
1611141,107.975134464159
1611142,241.872122463559
1611143,75.9976345648867
1611144,73.1540811139103
1611145,173.79328250457
1611146,44.4033269674857
1611151,97.521559634551
1611152,226.597706259018
1611153,84.5049657045271
1611154,78.0316412082128
1611155,190.063612843499
1611156,20.6776720993102
1611161,131.997447886261
1611162,223.910531432435
1611163,93.210451599767
1611164,56.5734184066884
1611165,193.849645107592
1611166,62.5835195605112
1611171,120.999764172375
1611172,217.353481812849
1611173,106.092674322495
1611174,77.1064144815868
1611175,219.93363358802
1611176,50.9373223752499
1611181,125.620231572559
1611182,251.940427195203
1611183,64.3170726423712
1611184,66.7588049069519
1611185,181.246063814946
1611186,50.3838309810137
1611191,98.4835152120726
1611192,241.369289867448
1611193,116.829845405325
1611194,65.3295640909929
1611195,203.253088517039
1611196,64.0232163953006
1611201,52.4424952545878
1611202,401.605485731958
1611203,142.385019678959
1611204,129.902767985023
1611205,244.917742885889
1611206,31.2111820886231
1611211,121.378744787554
1611212,269.243262515845
1611213,98.333606595868
1611214,68.2474023885487
1611215,182.99510955044
1611216,108.577258313193
1611221,87.2731117646776
1611222,291.595873590611
1611223,101.236985727754
1611224,62.577534232199
1611225,183.509214384925
1611226,127.825211212228
1611231,91.3408874396352
1611232,228.728425858361
1611233,91.490933306852
1611234,43.216005794062
1611235,186.927185150032
1611236,59.2188630915755
1611241,122.474432163973
1611242,260.982600573745
1611243,92.4017737531051
1611244,37.1306198924289
1611245,248.731233780428
1611246,116.904606639941
1611251,82.9237972563907
1611252,273.012101942408
1611253,100.690163238234
1611254,82.6037845116303
1611255,209.376976714726
1611256,110.485453579136
1611261,116.639176452944
1611262,352.306886988669
1611263,129.982834329394
1611264,75.884321074918
1611265,210.854307834817
1611266,120.980209456819
1611271,49.7963022970208
1611272,469.43311875982
1611273,157.081764001948
1611274,114.122887017882
1611275,300.546532404022
1611276,100.104662588903
1611281,112.658765618467
1611282,250.19685466648
1611283,93.4531134753644
1611284,98.6464707783414
1611285,195.698957062903
1611286,50.5443755257431
1611291,103.870082800741
1611292,267.035376741299
1611293,89.3040391726829
1611294,65.931094292729
1611295,199.6338632632
1611296,94.936577234626
1611301,128.456546571317
1611302,269.284875545542
1611303,85.4312169839517
1611304,65.5482234967467
1611305,156.243629364589
1611306,69.1423951554017
1612011,107.538858358439
1612012,289.176303581184
1612013,85.9494985489893
1612014,73.0318577251844
1612015,143.829997159402
1612016,81.5257620674089
1612021,94.5038724434251
1612022,251.175708024115
1612023,77.2714433251357
1612024,56.1898608815284
1612025,166.953409468071
1612026,120.419034503586
1612031,122.439207453624
1612032,303.777431914782
1612033,106.214827776906
1612034,68.03104342742
1612035,208.248215747008
1612036,102.031102607989
1612041,70.0253014166919
1612042,425.776045338157
1612043,125.514576263244
1612044,158.468179526554
1612045,237.541910926685
1612046,63.954384003579
1612051,119.636013828757
1612052,248.023029715188
1612053,95.5090556206996
1612054,71.3207699523391
1612055,166.823017109082
1612056,71.6927561189485
1612061,98.3868204798713
1612062,242.026570423275
1612063,70.1343151458493
1612064,74.8709420444816
1612065,178.942242034096
1612066,170.032387317823
1612071,106.089285160058
1612072,254.664630713786
1612073,85.2212886860415
1612074,54.436418005143
1612075,188.683723175965
1612076,72.0570080200053
1612081,127.742791107649
1612082,286.690546648509
1612083,85.9084157115656
1612084,67.8059676809944
1612085,169.625279584177
1612086,125.010960620127
1612091,81.5452124764518
1612092,240.502242286095
1612093,81.3562481298833
1612094,49.4876098998061
1612095,158.641062469319
1612096,94.4315326169962
1612101,82.9865412318734
1612102,345.301145371851
1612103,101.293319783939
1612104,82.5554594056483
1612105,227.874681711629
1612106,128.057208409031
1612111,58.5289054212942
1612112,486.685095537576
1612113,176.390387266873
1612114,122.393092255363
1612115,263.596298985189
1612116,84.5644203966836
1612121,89.5461152835577
1612122,207.604751430375
1612123,77.6737672684405
1612124,64.6764106485914
1612125,139.544487412734
1612126,76.8451108268975
1612131,86.1880456725954
1612132,233.770001608963
1612133,96.7761934509133
1612134,85.6826779457696
1612135,167.907720101753
1612136,65.1120642648545
1612141,75.4039519341152
1612142,221.942272035382
1612143,37.7392454247434
1612144,37.7356552333979
1612145,151.302391065882
1612146,74.2674362412923
1612151,137.130260969332
1612152,249.859463715467
1612153,73.6976971614453
1612154,53.5004254895103
1612155,160.830814816579
1612156,75.9259389553386
1612161,86.0242406261287
1612162,231.827718336113
1612163,81.0877267943151
1612164,38.9528425623819
1612165,182.735378148739
1612166,83.1967350210813
1612171,
1612172,
1612173,
1612174,
1612175,
1612176,
1612181,158.08476137293
1612182,565.041664760473
1612183,174.728998356701
1612184,140.136610342031
1612185,304.116504309465
1612186,110.772438479613
1612191,97.2450388316804
1612192,228.043120399182
1612193,86.5548623487554
1612194,94.5628514641113
1612195,142.177817455165
1612196,51.7405211861006
1612201,82.2737744983917
1612202,230.544660181159
1612203,62.3552365841189
1612204,61.1485904856224
1612205,195.208051721907
1612206,73.8610197567487
1612211,107.055526767408
1612212,262.933974860887
1612213,101.434261871418
1612214,63.6403905738695
1612215,190.449251582024
1612216,47.2190696131545
1612221,102.318594196839
1612222,294.632086675127
1612223,74.3581509870598
1612224,56.7151675847979
1612225,230.090005850979
1612226,54.3229595577533
1612231,189.733379813939
1612232,320.332320272135
1612233,100.734575177249
1612234,84.3598588704714
1612235,187.041433421959
1612236,133.499200389925
1612241,182.243850046631
1612242,435.412836448077
1612243,77.6179363690156
1612244,95.06649534546
1612245,223.415195457351
1612246,39.5775381438053
1612251,
1612252,
1612253,
1612254,
1612255,
1612256,
1612261,
1612262,
1612263,
1612264,
1612265,
1612266,
1612271,132.534941139693
1612272,353.797791827776
1612273,127.178228446889
1612274,47.0674315395429
1612275,264.133101710094
1612276,48.8907184408876
1612281,92.6053954826362
1612282,369.891376672855
1612283,137.541974900339
1612284,61.4077235816262
1612285,250.057179010162
1612286,
1612291,281.809035845441
1612292,412.345692402398
1612293,128.192786610977
1612294,42.6612128486371
1612295,229.50561195356
1612296,25.9982201360405
1612301,130.743678525635
1612302,488.254599774454
1612303,131.355693828947
1612304,49.5316296726807
1612305,414.932011356758
1612306,
1612311,288.843105743746
1612312,569.614587079687
1612313,158.239302804042
1612314,50.7706476580069
1612315,1705.14420496386
1612316,
1701011,
1701012,
1701013,
1701014,
1701015,
1701016,
1701021,127.942753867048
1701022,363.785766586536
1701023,93.0351063272558
1701024,76.172894548647
1701025,274.034203659944
1701026,
1701031,89.4483348556559
1701032,309.961108123739
1701033,80.7863564731785
1701034,59.602476507477
1701035,245.081683850067
1701036,
1701041,119.050990891285
1701042,299.025295009328
1701043,78.2861734025078
1701044,92.77818043027
1701045,281.903440110745
1701046,
1701051,115.680238055479
1701052,336.671269192301
1701053,106.740128482748
1701054,85.8475651563441
1701055,324.891360318795
1701056,
1701061,101.303945374724
1701062,275.932996044414
1701063,65.3687307096755
1701064,72.5514428845978
1701065,328.627657201091
1701066,
1701071,71.69205028378
1701072,270.247354621077
1701073,75.5002630311797
1701074,73.3540061918454
1701075,266.498427552309
1701076,
1701081,54.8212865043727
1701082,352.056991405427
1701083,131.287627179758
1701084,204.632350244358
1701085,205.527279466295
1701086,
1701091,116.228031726541
1701092,238.253386603281
1701093,73.1420980887895
1701094,57.1273534719678
1701095,169.571265441278
1701096,
1701101,114.536612160932
1701102,204.467443051391
1701103,70.6114048326199
1701104,97.3146919058678
1701105,203.078663452626
1701106,
1701111,49.4763974006414
1701112,174.999832388788
1701113,62.0305965135655
1701114,48.3637668861658
1701115,191.103238450091
1701116,
1701121,73.7827205206854
1701122,209.351176619157
1701123,85.5837742718517
1701124,61.4829250849197
1701125,172.807199887607
1701126,
1701131,114.532728222355
1701132,226.484139777162
1701133,79.7615363372838
1701134,44.2604372068594
1701135,250.100370325241
1701136,
1701141,128.56240804852
1701142,264.018180316324
1701143,92.8889849290192
1701144,114.52388735264
1701145,281.035649119377
1701146,
1701151,57.5415780818905
1701152,370.953894851707
1701153,128.991720245868
1701154,230.136726609361
1701155,324.290621664852
1701156,
1701161,88.9021282031328
1701162,221.861834510936
1701163,88.4798588855233
1701164,72.5723272399196
1701165,209.248418962616
1701166,
1701171,82.1819950215278
1701172,237.865415972532
1701173,77.108394146931
1701174,37.2233303255336
1701175,179.153676006878
1701176,
1701181,88.8649502286419
1701182,229.183246697448
1701183,71.9438809937912
1701184,88.740900134927
1701185,237.62827116827
1701186,
1701191,119.723025026725
1701192,217.31433192757
1701193,80.7312120582498
1701194,63.8146856927061
1701195,203.847604046575
1701196,
1701201,87.1766818830841
1701202,246.618836422496
1701203,75.0514615596861
1701204,83.6270664379288
1701205,194.750787927686
1701206,
1701211,107.032520387605
1701212,271.392050660175
1701213,90.1864250970913
1701214,92.928810396671
1701215,228.950555168268
1701216,
1701221,57.9895653139982
1701222,378.605208890515
1701223,147.203478885503
1701224,121.141203339317
1701225,274.515010154733
1701226,
1701231,86.9879013792807
1701232,200.650869397269
1701233,75.9711931108962
1701234,56.8576684618938
1701235,227.684752239204
1701236,
1701241,95.5104682174382
1701242,224.008464683995
1701243,71.6836626592104
1701244,88.8836214390903
1701245,232.618667163025
1701246,
1701251,64.9830364754336
1701252,215.33818679634
1701253,63.1089282766633
1701254,67.8561608632943
1701255,221.039472266449
1701256,
1701261,116.676851600561
1701262,248.421889120763
1701263,57.7648589403956
1701264,83.4163243140965
1701265,255.782068916167
1701266,
1701271,88.2521352952121
1701272,247.138197864919
1701273,88.9693164758223
1701274,134.892150309327
1701275,234.634393133873
1701276,
1701281,119.776887506826
1701282,313.682969192529
1701283,109.069741792424
1701284,150.612189036317
1701285,332.611346798779
1701286,
1701291,30.3865291347707
1701292,379.072962437235
1701293,137.21086624229
1701294,182.721053036135
1701295,221.019629284822
1701296,
1701301,95.5900521407205
1701302,239.843727193044
1701303,87.292602098661
1701304,58.6463743359007
1701305,236.006377891823
1701306,
1701311,92.8994636837401
1701312,221.330857530692
1701313,97.6009704783781
1701314,91.3282754946385
1701315,213.403139400616
1701316,
1702011,66.5673255870155
1702012,239.504840288098
1702013,58.2224524882749
1702014,71.90630540414
1702015,241.547252007214
1702016,
1702021,89.9254398203578
1702022,222.76706749452
1702023,54.3967685635611
1702024,71.8568347813858
1702025,191.633105336455
1702026,
1702031,78.3684128353329
1702032,212.92401534834
1702033,83.3749446533499
1702034,77.2719087098648
1702035,220.640999608196
1702036,
1702041,108.219789178826
1702042,276.252863559981
1702043,97.3650366684813
1702044,156.145828217114
1702045,266.821574321585
1702046,
1702051,57.4532745562637
1702052,374.084257351283
1702053,126.842276780996
1702054,148.611259758825
1702055,244.404283981917
1702056,
1702061,132.177431806535
1702062,237.959555280101
1702063,91.3622676641499
1702064,78.7402186288165
1702065,220.574521924832
1702066,
1702071,132.849204976505
1702072,266.645083093324
1702073,89.252680922547
1702074,64.4310797984471
1702075,250.869064544005
1702076,
1702081,117.004984635316
1702082,249.061981621222
1702083,100.810504587999
1702084,62.108564002711
1702085,233.337060178352
1702086,
1702091,119.337453228786
1702092,250.490563349257
1702093,107.639984783785
1702094,50.2485860858745
1702095,244.597694878654
1702096,
1702101,121.144021086338
1702102,261.357365889667
1702103,90.3208657475892
1702104,68.707358861519
1702105,291.991357923282
1702106,
1702111,100.989205252472
1702112,370.184991912543
1702113,107.677440690871
1702114,108.587748137268
1702115,265.755181023214
1702116,
1702121,44.557352092852
1702122,416.379213088695
1702123,132.993031450996
1702124,164.72696827433
1702125,254.571688425132
1702126,
1702131,119.108720290684
1702132,253.451793499213
1702133,78.6151404289983
1702134,66.9857019587524
1702135,248.698683073908
1702136,
1702141,141.073519448693
1702142,255.75728975769
1702143,74.0592957059607
1702144,116.314901445917
1702145,241.414722898101
1702146,
1702151,100.825877196342
1702152,278.538706748637
1702153,98.7987630293648
1702154,85.8636816313846
1702155,283.280374872234
1702156,
1702161,146.826941839259
1702162,309.868693401512
1702163,88.6343385040749
1702164,76.3790125687554
1702165,290.37633456587
1702166,
1702171,151.638373911674
1702172,272.294876852516
1702173,72.4603237114376
1702174,84.904925270326
1702175,279.376992517433
1702176,
1702181,141.71660063089
1702182,428.420760681624
1702183,110.173674444994
1702184,130.746487752412
1702185,470.50884355386
1702186,
1702191,62.0097969516182
1702192,447.567200414903
1702193,143.24278246555
1702194,161.686427026824
1702195,314.345356595209
1702196,
1702201,66.0328545899126
1702202,253.268174669793
1702203,71.0356451081313
1702204,82.0547293877186
1702205,172.609783679393
1702206,
1702211,109.49615849071
1702212,228.580529593722
1702213,73.4145321399375
1702214,72.2593350833824
1702215,216.340216270472
1702216,
1702221,61.7410274782351
1702222,190.339694203761
1702223,71.2165459705098
1702224,58.1723333446861
1702225,193.68895968633
1702226,
1702231,83.2419409328517
1702232,211.823498155332
1702233,64.732366279063
1702234,68.0279423384753
1702235,270.503133269846
1702236,
1702241,125.53740598929
1702242,239.782123705357
1702243,99.2841701711762
1702244,80.4488608498589
1702245,316.95394111832
1702246,
1702251,115.341612709924
1702252,312.627992129368
1702253,114.169995993508
1702254,109.366704462816
1702255,234.921803571215
1702256,
1702261,51.7803618656751
1702262,428.913586120998
1702263,158.09736357214
1702264,219.070489867947
1702265,285.771133555259
1702266,
1702271,122.569495991968
1702272,309.386402370393
1702273,84.7166976739322
1702274,79.9282396414421
1702275,225.788574192508
1702276,
1702281,83.0765621031534
1702282,229.94140636776
1702283,55.6773803478843
1702284,63.4128404969572
1702285,217.112882821244
1702286,
1703011,125.217450323725
1703012,249.680771523383
1703013,81.196753748226
1703014,63.9917334574785
1703015,184.419259396229
1703016,
1703021,129.890356481374
1703022,236.090084433661
1703023,93.1703797209382
1703024,88.5170198704386
1703025,208.162352876757
1703026,
1703031,87.3180596980489
1703032,238.976721219758
1703033,102.152065009225
1703034,117.704319583557
1703035,233.433296191023
1703036,
1703041,98.7435434121811
1703042,294.842273268246
1703043,106.326572981857
1703044,106.359853382428
1703045,244.654903697285
1703046,
1703051,34.5835550634367
1703052,402.778273319068
1703053,135.958950858257
1703054,140.485447246568
1703055,237.230130489581
1703056,
1703061,89.6750437494664
1703062,243.60177838846
1703063,86.9960424642728
1703064,81.6378419412611
1703065,237.36778410527
1703066,
1703071,100.15087379542
1703072,220.995436239232
1703073,83.4283849697076
1703074,67.1621281398369
1703075,221.073127599374
1703076,
1703081,94.9229502187465
1703082,229.762106992602
1703083,82.5934194590142
1703084,66.6334195345118
1703085,172.894375808564
1703086,
1703091,111.351351910469
1703092,270.975919358021
1703093,71.3137895523492
1703094,60.757612565121
1703095,201.981974396535
1703096,
1703101,100.450621108239
1703102,269.069152280242
1703103,85.9999360805292
1703104,81.8267970341715
1703105,220.561031064227
1703106,
1703111,121.869883897373
1703112,275.941241422517
1703113,108.418382637731
1703114,133.379795484216
1703115,270.40812557297
1703116,
1703121,95.7356255719552
1703122,491.90798485682
1703123,124.789965526841
1703124,185.780111123125
1703125,314.763402436625
1703126,
1703131,120.053295378394
1703132,242.464512144723
1703133,97.5939745535462
1703134,36.8342602340521
1703135,172.62499140603
1703136,
1703141,87.0000890332702
1703142,243.409665197197
1703143,83.7407885397308
1703144,75.3949001762448
1703145,231.454950724527
1703146,
1703151,92.6236598779842
1703152,241.207717005148
1703153,64.5780317895003
1703154,84.2638211334626
1703155,228.879500278325
1703156,
1703161,110.643982291844
1703162,227.081015697025
1703163,71.8054617106975
1703164,61.6572117456336
1703165,213.804929252107
1703166,
1703171,112.504534119038
1703172,225.002939044633
1703173,82.3548698176422
1703174,90.533610402315
1703175,190.177419969815
1703176,
1703181,106.208725638613
1703182,287.843905619013
1703183,102.87506239681
1703184,113.966410569379
1703185,241.153245549975
1703186,
1703191,36.557110132907
1703192,381.163708694666
1703193,109.641199449158
1703194,115.495208167488
1703195,229.126982582804
1703196,
1703201,97.3489147113908
1703202,225.438695753547
1703203,73.0242608684537
1703204,51.316960690722
1703205,183.265133200934
1703206,
1703211,126.927370810771
1703212,234.577222381036
1703213,92.1372741343699
1703214,100.759683299883
1703215,216.705423653414
1703216,
1703221,101.415037514976
1703222,239.754869003961
1703223,101.654984780132
1703224,81.269583581414
1703225,185.865995045763
1703226,
1703231,100.177760988448
1703232,242.789527548901
1703233,81.3953457468891
1703234,70.849572294015
1703235,199.236085328032
1703236,
1703241,128.368364908016
1703242,263.089113905418
1703243,92.3970924998567
1703244,58.5851663089429
1703245,228.995269827416
1703246,
1703251,97.8900868337535
1703252,332.663651438926
1703253,142.808942965401
1703254,93.7758182509783
1703255,244.607027290376
1703256,
1703261,85.2187867213704
1703262,439.134557811679
1703263,147.749370577668
1703264,136.703246958164
1703265,303.304688462581
1703266,
1703271,162.660207279858
1703272,281.658152255303
1703273,105.119114588585
1703274,67.4186879160606
1703275,178.202716912645
1703276,
1703281,107.613301109633
1703282,301.988407159166
1703283,141.684536419139
1703284,69.5508750394699
1703285,249.305527280316
1703286,
1703291,141.002747009982
1703292,283.901062102534
1703293,115.381551439348
1703294,80.1827950388481
1703295,193.830407363375
1703296,
1703301,151.539022676893
1703302,258.352530429171
1703303,115.063014487946
1703304,72.0581071717604
1703305,167.77991292989
1703306,
1703311,195.105275573427
1703312,335.790960706967
1703313,157.481998785748
1703314,82.5857123112681
1703315,180.482561633309
1703316,
1704011,224.207429968001
1704012,400.922478349418
1704013,211.755833640533
1704014,105.327884180599
1704015,264.587214218339
1704016,
1704021,90.4108850533697
1704022,432.301825932669
1704023,188.064263906535
1704024,158.564600534337
1704025,219.222337561653
1704026,
1704031,187.854069053637
1704032,281.878141494214
1704033,101.173868201099
1704034,48.8649330595976
1704035,235.099445841678
1704036,
1704041,167.875773750993
1704042,281.892523822351
1704043,144.48225784655
1704044,103.705254020785
1704045,219.879218705795
1704046,
1704051,98.318686836073
1704052,250.769371674356
1704053,94.3263408382335
1704054,64.3576534956172
1704055,227.038400118995
1704056,
1704061,142.738966819238
1704062,254.338964495354
1704063,118.869514113661
1704064,100.271587035808
1704065,232.449965037292
1704066,
1704071,153.13878108102
1704072,334.908836896616
1704073,128.841093710239
1704074,65.2294235118217
1704075,208.319733804666
1704076,
1704081,183.065412513501
1704082,437.165237854628
1704083,215.929338577534
1704084,61.6953008735896
1704085,265.698214966476
1704086,
1704091,78.3925102817988
1704092,436.776106619664
1704093,207.685117628376
1704094,219.280741698519
1704095,315.664491628115
1704096,
1704101,157.029670654949
1704102,371.780197997679
1704103,180.185219117576
1704104,58.4301668528818
1704105,280.038959302124
1704106,
1704111,142.450858065516
1704112,358.664757300646
1704113,178.857217552131
1704114,52.4537471926837
1704115,246.583597789097
1704116,
1704121,127.466200723679
1704122,355.373078137408
1704123,140.537089366937
1704124,83.3483028955622
1704125,256.331781657731
1704126,
1704131,357.843060948626
1704132,538.001607100292
1704133,238.93565386119
1704134,67.6590164952461
1704135,318.637385965497
1704136,
1704141,
1704142,
1704143,
1704144,
1704145,
1704146,
1704151,396.16076955053
1704152,703.461610637217
1704153,355.356015292507
1704154,96.988462555113
1704155,397.745140653693
1704156,
1704161,87.2043256933579
1704162,587.643444652763
1704163,208.028073939397
1704164,163.798968606753
1704165,313.891825934988
1704166,
1704171,23.1962791847882
1704172,535.752770931191
1704173,220.822836970653
1704174,123.155523116043
1704175,240.216709575721
1704176,
1704181,123.947010890956
1704182,385.935119291841
1704183,174.405032102088
1704184,80.2153036784791
1704185,240.477901761706
1704186,
1704191,107.21034333897
1704192,335.51977175735
1704193,166.270946808251
1704194,75.1363705043662
1704195,196.166067711426
1704196,
1704201,145.310365058131
1704202,379.098895887089
1704203,158.4435755673
1704204,61.3656923024417
1704205,277.746872210764
1704206,
1704211,124.895216030507
1704212,362.773394053737
1704213,172.182312895265
1704214,79.5611036276012
1704215,276.640745350247
1704216,
1704221,81.3906991756264
1704222,288.896109942583
1704223,142.250829321991
1704224,82.4365753574389
1704225,280.107585712671
1704226,
1704231,54.169922075821
1704232,344.478120384968
1704233,128.011118638722
1704234,108.160033400098
1704235,254.801005051949
1704236,
1704241,92.4677986737874
1704242,252.01457232722
1704243,110.815677841066
1704244,48.2688725316541
1704245,173.138734794459
1704246,
1704251,80.9218016064876
1704252,264.954804770732
1704253,90.8424805388247
1704254,93.7444327678031
1704255,195.820793331953
1704256,
1704261,82.1124954906633
1704262,249.875360970281
1704263,91.9799340844463
1704264,62.8963375122886
1704265,217.400706247577
1704266,
1704271,98.0715104557433
1704272,307.530107231385
1704273,86.5414452917236
1704274,52.8328537833768
1704275,193.571932122309
1704276,
1704281,125.456981753476
1704282,307.704983145882
1704283,91.6206157973301
1704284,93.814442811662
1704285,239.965767752371
1704286,
1704291,123.277101467222
1704292,398.46430059208
1704293,142.668665736822
1704294,78.0971347346375
1704295,265.652130449406
1704296,
1704301,60.2450021630226
1704302,562.916646456546
1704303,263.074963178365
1704304,143.743529921784
1704305,376.406197015406
1704306,
1705011,
1705012,
1705013,
1705014,
1705015,
1705016,
1705021,155.095888788648
1705022,315.630672686886
1705023,121.933716606701
1705024,90.2913380889921
1705025,224.460397977675
1705026,
1705031,118.326086080103
1705032,284.682835501851
1705033,119.106872435795
1705034,73.1703266866572
1705035,219.050576291744
1705036,
1705041,149.956078967988
1705042,295.915357606995
1705043,74.6328709215242
1705044,71.1406609605042
1705045,211.614338282333
1705046,
1705051,86.0402504738117
1705052,285.806850844963
1705053,78.6283508592188
1705054,54.8732542166246
1705055,257.727004746732
1705056,
1705061,137.068189796743
1705062,362.221217999852
1705063,187.893403457783
1705064,92.5323948760614
1705065,293.926963855473
1705066,
1705071,89.0086685072793
1705072,508.869139944886
1705073,199.339353285128
1705074,126.947241444583
1705075,240.382069263125
1705076,
1705081,148.83378586129
1705082,311.132934202698
1705083,93.5346324124759
1705084,102.773384581564
1705085,332.676745659594
1705086,
1705091,94.3672716433608
1705092,329.987372950283
1705093,150.630312037039
1705094,69.5364551185151
1705095,289.719168140822
1705096,
1705101,110.05390644857
1705102,336.064196426434
1705103,119.911954666173
1705104,61.7792073905273
1705105,313.401810139784
1705106,
1705111,142.677183364091
1705112,363.473342078586
1705113,131.244722476807
1705114,72.8861793443066
1705115,267.482152244043
1705116,
1705121,155.268162620008
1705122,367.750542687151
1705123,126.143339639084
1705124,68.2309660323106
1705125,327.994030360722
1705126,
1705131,132.162595452678
1705132,459.7247031502
1705133,209.808530503879
1705134,58.305603187413
1705135,337.812900050452
1705136,
1705141,81.7822715275506
1705142,530.58659713245
1705143,243.839147660595
1705144,165.787943714285
1705145,298.516009685069
1705146,
1705151,152.569401591519
1705152,342.889202042715
1705153,128.732413284614
1705154,46.9369598854349
1705155,248.364264375988
1705156,
1705161,133.170424802247
1705162,313.764952419603
1705163,124.651715960501
1705164,87.5012817316997
1705165,286.537288730474
1705166,
1705171,80.7776768540183
1705172,280.817288739061
1705173,100.509180114311
1705174,52.2216515391077
1705175,180.530192458298
1705176,
1705181,103.501730355572
1705182,292.893495200293
1705183,106.689064260606
1705184,48.9746270370385
1705185,220.51358813854
1705186,
1705191,84.0165889848927
1705192,323.868172489266
1705193,122.084205270661
1705194,83.3433113602956
1705195,253.202977700598
1705196,
1705201,174.274302653978
1705202,399.207931088701
1705203,182.261517278229
1705204,72.2408129711556
1705205,330.116910689343
1705206,
1705211,55.8214595630896
1705212,490.732842299275
1705213,227.67270257599
1705214,81.2419387265385
1705215,317.49470665019
1705216,
1705221,138.415948678585
1705222,320.454391423915
1705223,128.575815518014
1705224,63.2162742609165
1705225,230.090365674046
1705226,
1705231,96.780584678581
1705232,298.6104668373
1705233,110.225477848188
1705234,70.5717735905547
1705235,244.051421992994
1705236,
1705241,136.939147637809
1705242,321.683000444292
1705243,133.616732956026
1705244,55.0551017140636
1705245,249.8950638071
1705246,
1705251,83.9282232026622
1705252,482.301654528959
1705253,210.548524011838
1705254,178.507311972289
1705255,317.404836481468
1705256,
1705261,127.227158892085
1705262,477.872595597851
1705263,214.844989934608
1705264,96.5346384793528
1705265,225.010073250424
1705266,
1705271,128.587609179322
1705272,466.44498663774
1705273,242.802648676142
1705274,83.3171295360551
1705275,298.641514720536
1705276,
1705281,72.2162693070431
1705282,562.175923774896
1705283,258.875202728905
1705284,79.3642256524708
1705285,280.801005123022
1705286,
1705291,138.960680835425
1705292,353.209476241264
1705293,143.870005518646
1705294,106.540596254849
1705295,218.340098437627
1705296,
1705301,112.762433854322
1705302,317.086764790425
1705303,99.5288254799332
1705304,67.7307516958576
1705305,256.922058941524
1705306,
1705311,128.075086840652
1705312,312.984752322811
1705313,137.596314089354
1705314,83.0460110169265
1705315,250.903481555561
1705316,
1706011,122.612602773757
1706012,326.444731043874
1706013,131.185928554762
1706014,63.4915307338161
1706015,257.53068125839
1706016,
1706021,109.568315162716
1706022,352.166900202888
1706023,108.539694596306
1706024,62.6538987320347
1706025,219.892781359991
1706026,
1706031,147.340788187836
1706032,430.671317030427
1706033,202.327403612151
1706034,79.8748577098249
1706035,341.219951593786
1706036,
1706041,71.186698283748
1706042,475.727406203782
1706043,213.121898505059
1706044,133.455027306339
1706045,282.766379717761
1706046,
1706051,51.613320416559
1706052,631.207142909744
1706053,300.22343502337
1706054,172.589776003415
1706055,305.044021088221
1706056,
1706061,129.923307518664
1706062,405.757523699606
1706063,140.565536536744
1706064,102.198889451759
1706065,230.088051311499
1706066,
1706071,96.3261708017248
1706072,328.179059389348
1706073,162.153139309064
1706074,83.9117859837582
1706075,199.147542181916
1706076,
1706081,109.25094379784
1706082,333.992680117377
1706083,118.536762094212
1706084,73.5704897538955
1706085,248.667270223624
1706086,
1706091,146.050825934372
1706092,360.541873839481
1706093,163.069676294977
1706094,67.4684022242791
1706095,252.167271175662
1706096,
1706101,155.244457489777
1706102,394.659748547811
1706103,210.975177421469
1706104,32.1168117155127
1706105,295.925237566685
1706106,
1706111,71.2809920560123
1706112,468.687847891715
1706113,215.171645362008
1706114,46.2552218805324
1706115,218.900286398773
1706116,
1706121,134.798408035579
1706122,321.626699370205
1706123,133.14564353779
1706124,97.26620417744
1706125,224.860256662599
1706126,
1706131,118.641824642293
1706132,359.221168966116
1706133,144.137864637622
1706134,63.3994762725495
1706135,251.89343554553
1706136,
1706141,107.822210054913
1706142,329.596145708856
1706143,141.310244761151
1706144,69.9676858088209
1706145,241.878666670142
1706146,
1706151,121.510818120738
1706152,442.307093391398
1706153,149.097950537212
1706154,50.2552344362863
1706155,239.393849321219
1706156,
1706161,159.386053748275
1706162,452.798153358759
1706163,188.189995473921
1706164,31.6497269804199
1706165,357.991437584472
1706166,
1706171,152.587185601354
1706172,578.780125724772
1706173,289.376417642361
1706174,72.512643357311
1706175,352.506179682214
1706176,
1706181,75.1727854873289
1706182,586.165188828483
1706183,301.35058891641
1706184,71.2599878811923
1706185,216.356703017971
1706186,
1706191,146.631334543439
1706192,382.488175663817
1706193,211.583246910582
1706194,66.5031569430632
1706195,266.040845002576
1706196,
1706201,127.815304326711
1706202,434.849517951858
1706203,181.240683684111
1706204,59.7710397044917
1706205,239.596188002166
1706206,
1706211,120.022105971466
1706212,430.906719081176
1706213,181.547354525725
1706214,74.2881182284261
1706215,232.925986116455
1706216,
1706221,78.1688619382617
1706222,418.672448020086
1706223,143.490671929285
1706224,93.3756723023931
1706225,231.444516999084
1706226,
1706231,160.591006007475
1706232,439.210505371538
1706233,172.344413428855
1706234,79.9477044026905
1706235,335.567446461642
1706236,
1706241,213.304834757744
1706242,631.28176537999
1706243,367.632769652741
1706244,62.1562035019027
1706245,448.004437068748
1706246,
1706251,69.3531645812572
1706252,577.997897373246
1706253,257.372454543866
1706254,94.280904248875
1706255,305.520160355371
1706256,
1706261,155.543228693566
1706262,343.416699850294
1706263,161.648694395923
1706264,33.6633467822054
1706265,270.978865267527
1706266,
1706271,135.490018589734
1706272,352.863655088474
1706273,134.933457557944
1706274,91.6504679892195
1706275,233.934559868307
1706276,
1706281,110.528030025808
1706282,375.93664906759
1706283,185.573198643115
1706284,97.0032376307129
1706285,205.983447305846
1706286,
1706291,126.32363509346
1706292,359.267467899639
1706293,155.221902949467
1706294,108.636058610424
1706295,275.570722936418
1706296,
1706301,118.656267761961
1706302,332.500323215319
1706303,126.129236923882
1706304,69.1769825237336
1706305,276.906279043165
1706306,
1707011,142.537037918789
1707012,443.178850570886
1707013,183.864255743189
1707014,91.7431250723518
1707015,263.834203280722
1707016,
1707021,63.6146685898519
1707022,477.995936942089
1707023,246.338419886437
1707024,113.939643815891
1707025,258.691508842531
1707026,
1707031,144.589969427013
1707032,373.267876537498
1707033,187.71776492446
1707034,63.8439379450254
1707035,265.352384049741
1707036,
1707041,
1707042,
1707043,
1707044,
1707045,
1707046,
1707051,137.917961104922
1707052,457.585596181938
1707053,199.163798137962
1707054,65.1183318108935
1707055,283.910217712057
1707056,
1707061,170.80244658411
1707062,448.518282397681
1707063,188.91776073987
1707064,86.783817525492
1707065,261.128792847111
1707066,
1707071,136.561795937936
1707072,476.283376116767
1707073,192.727972707754
1707074,68.9772820349558
1707075,280.03553855482
1707076,
1707081,156.573447907018
1707082,580.465886398025
1707083,241.187433084311
1707084,95.7270922502977
1707085,323.252800431888
1707086,
1707091,76.246567028981
1707092,613.942968297244
1707093,329.248061272308
1707094,107.869190385805
1707095,291.01852385457
1707096,
1707101,140.641759507657
1707102,403.02834298579
1707103,177.453927895789
1707104,96.5349131699666
1707105,308.707126781116
1707106,
1707111,134.174542819592
1707112,423.994881388252
1707113,168.296001762297
1707114,66.1297555388744
1707115,216.222234709874
1707116,
1707121,92.5453856390347
1707122,395.371907193752
1707123,154.145230589462
1707124,82.3784967231009
1707125,305.086914673925
1707126,
1707131,165.69253636193
1707132,460.294611216087
1707133,189.580727494569
1707134,95.1582387192905
1707135,250.968535168665
1707136,
1707141,161.336234262394
1707142,455.738678370628
1707143,183.691695131553
1707144,85.6926686077635
1707145,336.129612974149
1707146,
1707151,161.368243588646
1707152,671.168738211215
1707153,245.417481970711
1707154,71.1735594852225
1707155,285.564576484531
1707156,
1707161,83.446445422438
1707162,596.167592528165
1707163,285.659838885549
1707164,94.3001047890986
1707165,312.089956191711
1707166,
1707171,158.966094203543
1707172,487.240000029275
1707173,210.556063204536
1707174,72.6701335341285
1707175,308.725687110286
1707176,
1707181,123.668309159157
1707182,498.207067945866
1707183,210.035193962853
1707184,89.1266102583634
1707185,292.647047885435
1707186,
1707191,126.617460532105
1707192,480.701110944238
1707193,264.262174906022
1707194,77.1847470017168
1707195,272.974738842505
1707196,
1707201,152.89730610752
1707202,516.025848097357
1707203,231.137564394634
1707204,74.7950274442457
1707205,307.578629865835
1707206,
1707211,128.063478737945
1707212,557.68775678789
1707213,240.009691214717
1707214,55.5483271970157
1707215,242.757993509039
1707216,
1707221,118.581655925728
1707222,703.366173269316
1707223,311.79730154225
1707224,69.8668112848796
1707225,311.294356726898
1707226,
1707231,60.4808932763266
1707232,607.272441480619
1707233,270.892805038016
1707234,86.316802196675
1707235,309.722661028726
1707236,
1707241,171.708992805544
1707242,579.28803115614
1707243,319.719249418743
1707244,90.7708220684182
1707245,294.414373895706
1707246,
1707251,129.504249202353
1707252,510.733529654244
1707253,256.669227442759
1707254,81.2695426792517
1707255,292.873336608295
1707256,
1707261,182.444822422102
1707262,507.820179245606
1707263,287.611585624058
1707264,79.1146599002503
1707265,280.921450739357
1707266,
1707271,239.066940896544
1707272,582.549770241516
1707273,264.347742587261
1707274,111.906264476103
1707275,274.724777653659
1707276,
1707281,184.323576306162
1707282,551.167149777235
1707283,291.869109786323
1707284,81.3318887692057
1707285,265.400900332413
1707286,
1707291,202.431896081896
1707292,557.05720038088
1707293,367.886160346572
1707294,67.3861469013822
1707295,260.119810951082
1707296,
1707301,65.4532794606465
1707302,605.805099130182
1707303,322.250156339845
1707304,150.306407349588
1707305,294.303759404718
1707306,
1707311,162.425333410717
1707312,548.102447200155
1707313,294.721801189509
1707314,87.2264793728435
1707315,222.684255865425
1707316,
